date,SPY,FCNTX
2021-01-04,461.5555537,28.22989986
2021-01-05,464.7344661,28.4005764
2021-01-06,467.5128856,28.14456159
2021-01-07,474.4589344,28.67365887
2021-01-08,477.1622615,28.86140306
2021-01-11,473.9458028,28.57125294
2021-01-12,474.0459261,28.43471171
2021-01-13,475.3224972,28.62245591
2021-01-14,473.6579486,28.38350875
2021-01-15,470.2036973,28.24696752
2021-01-19,473.8957412,28.62245591
2021-01-20,480.4538125,29.27102676
2021-01-21,480.8918516,29.42463565
2021-01-22,479.1897568,29.37343269
2021-01-25,481.0795826,29.42463565
2021-01-26,480.3286585,29.32222972
2021-01-27,468.5892103,28.43471171
2021-01-28,472.6191701,28.70779418
2021-01-29,463.1575253,28.29817048
2021-02-01,470.8670137,28.84433541
2021-02-02,477.5252081,29.28809442
2021-02-03,477.9006702,29.28809442
2021-02-04,483.3323552,29.52704157
2021-02-05,485.2346965,29.68065046
2021-02-08,488.7390094,29.851327
2021-02-09,488.4136089,29.90252996
2021-02-10,488.2008471,30.03907119
2021-02-11,488.9893175,30.17561243
2021-02-12,491.4047903,30.27801835
2021-02-16,490.9792666,30.3129411
2021-02-17,491.0919052,30.20817287
2021-02-18,489.0018329,30.01609778
2021-02-19,488.13827,29.82402269
2021-02-22,484.3836491,29.3874884
2021-02-23,484.971873,29.3874884
2021-02-24,490.3159502,29.57956349
2021-02-25,478.5014096,28.72395628
2021-02-26,476.0358752,28.74141765
2021-03-01,487.5750769,29.42241114
2021-03-02,483.7703943,29.12556783
2021-03-03,477.3625079,28.46203571
2021-03-04,471.4552376,28.02550142
2021-03-05,480.128412,28.47949708
2021-03-08,477.73797,27.99057867
2021-03-09,484.5588647,28.68903354
2021-03-10,487.5750769,28.70649491
2021-03-11,492.5186611,29.30018154
2021-03-12,493.1819775,29.10810646
2021-03-15,496.1230973,29.24779743
2021-03-16,495.4973271,29.31764291
2021-03-17,497.1869065,29.40494977
2021-03-18,489.9530035,28.82872451
2021-03-19,489.0491286,29.00333823
2021-03-22,492.9541886,29.2652588
2021-03-23,489.0742415,29.10810646
2021-03-24,486.5880618,28.70649491
2021-03-25,489.3253708,28.63664942
2021-03-26,497.2108296,29.10810646
2021-03-29,496.9597004,29.16049057
2021-03-30,495.6412717,29.05572234
2021-03-31,497.6503059,29.33510429
2021-04-01,503.0244721,29.84148406
2021-04-05,510.2444384,30.33040247
2021-04-06,509.9430833,30.27801835
2021-04-07,510.5332371,30.40024795
2021-04-08,512.9566345,30.62724578
2021-04-09,516.6859041,30.88916636
2021-04-12,516.874251,30.83678224
2021-04-13,518.4061395,31.02885733
2021-04-14,516.6356782,30.74947539
2021-04-15,522.1856349,31.22093242
2021-04-16,523.9309833,31.27331653
2021-04-19,521.3569084,31.02885733
2021-04-20,517.5397436,30.78439813
2021-04-21,522.4367642,30.99393459
2021-04-22,517.6653082,30.73201401
2021-04-23,523.2780472,31.15108693
2021-04-26,524.3704595,31.34316202
2021-04-27,524.2574514,31.34316202
2021-04-28,524.1067738,31.41300751
2021-04-29,527.446793,31.72731219
2021-04-30,523.9812092,31.39554613
2021-05-03,525.1112909,31.27331653
2021-05-04,521.8717234,30.9240891
2021-05-05,522.0349574,30.87170499
2021-05-06,526.2037032,31.11616419
2021-05-07,530.0334244,31.30823928
2021-05-10,524.7848228,30.73201401
2021-05-11,520.101262,30.62724578
2021-05-12,509.0515744,29.94625229
2021-05-13,515.166572,30.22563424
2021-05-14,523.0771438,30.8018595
2021-05-17,521.7461587,30.73201401
2021-05-18,517.2509449,30.52247755
2021-05-19,515.8948469,30.53993893
2021-05-20,521.4448036,30.9240891
2021-05-21,521.0178839,30.83678224
2021-05-24,526.3292678,31.25585516
2021-05-25,525.1615167,31.30823928
2021-05-26,526.2037032,31.37808476
2021-05-27,526.4799454,31.37808476
2021-05-28,527.4216801,31.46539162
2021-06-01,526.957091,31.41300751
2021-06-02,527.7858175,31.44793025
2021-06-03,525.8270093,31.25585516
2021-06-04,530.6361347,31.58762122
2021-06-07,530.1213197,31.64000534
2021-06-08,530.2343278,31.67492808
2021-06-09,529.4432707,31.60508259
2021-06-10,531.9043375,31.83208042
2021-06-11,532.7832899,31.90192591
2021-06-14,533.9761539,32.094001
2021-06-15,532.9967498,31.95431003
2021-06-16,530.020868,31.81461905
2021-06-17,529.8450775,32.02415551
2021-06-18,522.7203896,31.72731219
2021-06-21,530.2036613,32.00669414
2021-06-22,533.038234,32.28607609
2021-06-23,532.3957308,32.25115334
2021-06-24,535.545256,32.44322843
2021-06-25,537.4475692,32.49561255
2021-06-28,538.5310058,32.75753312
2021-06-29,538.8207621,32.80991723
2021-06-30,539.2742938,32.75753312
2021-07-01,542.2600436,32.91468546
2021-07-02,546.4048187,33.21152878
2021-07-06,545.4095688,33.35121975
2021-07-07,547.3370781,33.40360387
2021-07-08,542.8773505,33.07183781
2021-07-09,548.6724768,33.40360387
2021-07-12,550.6377805,33.5083721
2021-07-13,548.7606635,33.43852661
2021-07-14,549.57954,33.3861425
2021-07-15,547.7024231,33.19406741
2021-07-16,543.4064708,32.91468546
2021-07-19,535.3814807,32.54799666
2021-07-20,543.0537239,32.94960821
2021-07-21,547.450461,33.2639129
2021-07-22,548.5968882,33.47344935
2021-07-23,554.2408373,33.97982913
2021-07-26,555.6014321,33.9972905
2021-07-27,553.0692139,33.71790856
2021-07-28,552.8424481,33.84013816
2021-07-29,555.1353024,33.78775404
2021-07-30,552.4393089,33.45598798
2021-08-02,551.2802836,33.40360387
2021-08-03,555.7652074,33.61314033
2021-08-04,553.0314196,33.70044719
2021-08-05,556.5336916,33.92744502
2021-08-06,557.4533529,33.94490639
2021-08-09,556.9998213,33.92744502
2021-08-10,557.6927168,33.84013816
2021-08-11,559.0785079,33.84013816
2021-08-12,560.7540553,33.96236776
2021-08-13,561.7745014,34.06713599
2021-08-16,563.097302,34.13698148
2021-08-17,559.4060585,33.82267679
2021-08-18,553.2833816,33.52583347
2021-08-19,554.1400525,33.6306017
2021-08-20,558.5493877,33.96236776
2021-08-23,563.4626469,34.32905656
2021-08-24,564.357112,34.46874754
2021-08-25,565.5413335,34.53859302
2021-08-26,562.2028368,34.36397931
2021-08-27,567.229479,34.73066811
2021-08-30,569.7239029,35.02751143
2021-08-31,568.8798301,34.97512731
2021-09-01,569.1821846,35.07989554
2021-09-02,570.9333205,35.02751143
2021-09-03,570.7947414,35.11481828
2021-09-07,568.7538491,35.07989554
2021-09-08,568.0609536,34.90528183
2021-09-09,565.6295202,34.76559085
2021-09-10,561.1697926,34.60843851
2021-09-13,562.6059761,34.55605439
2021-09-14,559.5698338,34.45128616
2021-09-15,564.2437291,34.678284
2021-09-16,563.349264,34.71320674
2021-09-17,557.8793199,34.36397931
2021-09-20,548.5771183,33.70044719
2021-09-21,548.058925,33.73536993
2021-09-22,553.4051631,33.85759953
2021-09-23,560.1290371,34.27667245
2021-09-24,561.051674,34.32905656
2021-09-27,559.4465386,34.08459736
2021-09-28,548.1726747,33.14168329
2021-09-29,549.0953116,33.08929918
2021-09-30,542.3840764,32.87976272
2021-10-01,548.8298955,33.17660604
2021-10-04,541.7521334,32.44322843
2021-10-05,547.3890654,32.93214684
2021-10-06,549.6640603,33.15914467
2021-10-07,554.416272,33.40360387
2021-10-08,553.4051631,33.35121975
2021-10-11,549.3986442,33.07183781
2021-10-12,548.0462861,33.03691506
2021-10-13,550.0179484,33.2639129
2021-10-14,559.2695946,33.84013816
2021-10-15,563.5288907,34.08459736
2021-10-18,565.1972204,34.39890205
2021-10-19,569.5576274,34.59097714
2021-10-20,571.7947057,34.60843851
2021-10-21,573.2860913,34.81797497
2021-10-22,572.6920649,34.57351577
2021-10-25,575.7633081,34.73066811
2021-10-26,576.2815014,34.74812948
2021-10-27,573.7284515,34.62589988
2021-10-28,579.2642725,34.95766594
2021-10-29,580.4396866,35.1672024
2021-11-01,581.4381566,35.07989554
2021-11-02,583.7889847,35.20212514
2021-11-03,587.3531435,35.48150709
2021-11-04,590.121054,35.90058001
2021-11-05,592.1685495,35.97042549
2021-11-08,592.6741039,36.12757784
2021-11-09,590.7150805,36.09265509
2021-11-10,585.9628688,35.51642983
2021-11-11,586.1524517,35.6561208
2021-11-12,590.576053,36.17996195
2021-11-15,590.7782748,36.2148847
2021-11-16,593.1164641,36.40695978
2021-11-17,591.6756339,36.24980744
2021-11-18,593.6852128,36.44188253
2021-11-19,592.6235485,36.49426664
2021-11-22,590.9552189,35.98788686
2021-11-23,591.7388282,35.91804138
2021-11-24,593.3186858,36.09265509
2021-11-26,580.0857985,35.37673886
2021-11-29,587.2014772,35.90058001
2021-11-30,575.7759469,35.13227966
2021-12-01,569.3806833,34.41636342
2021-12-02,578.1014973,34.78305222
2021-12-03,573.0712307,34.29413382
2021-12-06,579.858299,34.64336125
2021-12-07,591.852578,35.55135257
2021-12-08,593.4197967,35.70850492
2021-12-09,589.4132778,35.39420023
2021-12-10,594.9617378,35.63342102
2021-12-13,589.6913328,35.31086077
2021-12-14,585.6342584,34.95035225
2021-12-15,594.7847937,35.65239515
2021-12-16,589.5396664,35.02624878
2021-12-17,583.2872219,34.72266266
2021-12-20,577.0848723,34.28625761
2021-12-21,587.3333355,35.02624878
2021-12-22,593.2059078,35.31086077
2021-12-23,596.8968766,35.50060209
2021-12-27,605.3442485,36.01290367
2021-12-28,604.8495826,35.89905888
2021-12-29,605.6232908,35.88008475
2021-12-30,603.9490369,35.82316235
2021-12-31,602.4269879,35.59547276
2022-01-03,605.9150168,35.69034342
2022-01-04,605.712077,35.40573143
2022-01-05,594.081086,34.4001024
2022-01-06,593.5230014,34.4001024
2022-01-07,591.1765092,34.17241281
2022-01-10,590.4408522,34.07754215
2022-01-11,595.8187586,34.5139472
2022-01-12,597.4295938,34.58984373
2022-01-13,589.1978455,33.84985256
2022-01-14,589.4388366,33.92574909
2022-01-18,579.0001173,33.14780965
2022-01-19,572.9880238,32.90114593
2022-01-20,566.6461531,32.48371501
2022-01-21,555.5225117,31.59193078
2022-01-24,557.8816877,31.7816721
2022-01-25,551.0705185,31.15552573
2022-01-26,549.6879906,31.1365516
2022-01-27,546.9736699,31.00373267
2022-01-28,560.5579571,31.8385945
2022-01-31,570.6542154,32.67345634
2022-02-01,574.5100728,33.01499072
2022-02-02,580.0909191,33.37549924
2022-02-03,566.4558969,31.62987904
2022-02-04,569.1194827,32.11371942
2022-02-07,567.2930239,31.88310025
2022-02-08,571.9606408,32.13293769
2022-02-09,580.3319102,32.74792214
2022-02-10,569.9058746,32.15215595
2022-02-11,558.6680796,31.32577059
2022-02-14,556.8416209,31.2681158
2022-02-15,565.8217099,31.82544546
2022-02-16,566.4558969,31.8062272
2022-02-17,554.3556075,30.97984184
2022-02-18,550.7661087,30.69156788
2022-02-22,544.8554851,30.36485739
2022-02-23,535.1904741,29.7690912
2022-02-24,543.2446499,30.49938523
2022-02-25,555.2307857,31.09515142
2022-02-28,553.8102066,31.07593316
2022-03-01,545.3755185,30.59547656
2022-03-02,555.4083581,31.07593316
2022-03-03,552.6433024,30.71078614
2022-03-04,548.1532579,30.32642086
2022-03-07,531.9941712,29.2309798
2022-03-08,527.9607414,29.07723369
2022-03-09,542.1157969,30.05736516
2022-03-10,539.6678348,29.9804921
2022-03-11,532.8059306,29.51925376
2022-03-14,528.912022,29.19254327
2022-03-15,540.543013,29.90361904
2022-03-16,552.5291487,30.7876592
2022-03-17,559.4417879,31.2681158
2022-03-18,565.5502905,31.76779067
2022-03-21,565.3848951,31.72935414
2022-03-22,572.0007088,32.11371942
2022-03-23,564.6342547,31.69091761
2022-03-24,573.1457535,32.20981075
2022-03-25,575.9447516,32.30590207
2022-03-28,580.041467,32.5557395
2022-03-29,587.2170804,32.90166826
2022-03-30,583.5911056,32.65183082
2022-03-31,574.6088662,32.09450116
2022-04-01,576.2373742,32.19059248
2022-04-04,581.173789,32.57495776
2022-04-05,573.8327803,32.0752829
2022-04-06,568.0948342,31.5371715
2022-04-07,570.9574459,31.63326282
2022-04-08,569.4307197,31.51795324
2022-04-11,559.6978399,30.92218705
2022-04-12,557.6240367,30.7876592
2022-04-13,564.0108415,31.15280622
2022-04-14,556.9879008,30.67234961
2022-04-18,557.2169097,30.71078614
2022-04-19,566.2118718,31.19124274
2022-04-20,565.7920221,30.80687746
2022-04-21,557.3314142,30.05736516
2022-04-22,542.0387064,29.17332501
2022-04-25,545.1812179,29.4423807
2022-04-26,529.392324,28.55834055
2022-04-27,530.8808821,28.53912229
2022-04-28,544.2906276,29.59612682
2022-04-29,524.1760093,28.38537618
2022-05-02,527.3312436,28.63521361
2022-05-03,529.7485601,28.71208667
2022-05-04,545.8809674,29.57690855
2022-05-05,526.4788214,28.28928485
2022-05-06,523.3363099,28.03944742
2022-05-09,506.5804894,27.02087942
2022-05-10,507.7509795,27.17462553
2022-05-11,499.6847759,26.6557324
2022-05-12,499.1631444,26.59807761
2022-05-13,511.0970545,27.34758991
2022-05-16,509.0232514,27.25149859
2022-05-17,519.4940489,27.78960999
2022-05-18,498.5524539,26.67495066
2022-05-19,495.4990015,26.61729587
2022-05-20,495.7152877,26.63651414
2022-05-23,504.9901496,27.09775248
2022-05-24,501.1351658,26.6557324
2022-05-25,505.5626719,26.90556983
2022-05-26,515.6645106,27.48211776
2022-05-27,528.3236156,28.15475701
2022-05-31,525.3592222,28.02022916
2022-06-01,521.1098341,27.86648304
2022-06-02,531.0335547,28.51990402
2022-06-03,522.3184924,28.02022916
2022-06-06,523.9088323,28.15475701
2022-06-07,528.9343061,28.38537618
2022-06-08,523.1836373,28.13553874
2022-06-09,510.7408184,27.36680817
2022-06-10,495.9315739,26.52120455
2022-06-13,477.1019503,25.42576349
2022-06-14,475.664283,25.34889044
2022-06-15,482.4454921,25.79091051
2022-06-16,466.4784802,24.92608863
2022-06-17,467.4795927,25.04139821
2022-06-21,479.24772,25.54107308
2022-06-22,478.3788463,25.46420002
2022-06-23,483.0682087,25.67560093
2022-06-24,498.4268287,26.54042282
2022-06-27,496.5229731,26.44433149
2022-06-28,486.3775952,25.84856531
2022-06-29,485.981491,25.86778357
2022-06-30,482.0332268,25.56029134
2022-07-01,487.1314709,25.75247398
2022-07-05,488.0514548,25.96387489
2022-07-06,489.6997592,26.09840274
2022-07-07,497.0340753,26.54042282
2022-07-08,496.6251935,26.54042282
2022-07-11,490.9519595,26.117621
2022-07-12,486.6075911,25.81012878
2022-07-13,484.0520803,25.73325572
2022-07-14,482.8765454,25.57950961
2022-07-15,492.1019394,26.13683927
2022-07-18,488.0386772,25.98309315
2022-07-19,501.225113,26.75182372
2022-07-20,504.4195015,27.05931595
2022-07-21,509.5560782,27.28993512
2022-07-22,504.8283832,26.79026025
2022-07-25,505.4417058,26.80947851
2022-07-26,499.4618105,26.32902191
2022-07-27,512.4310279,27.21306206
2022-07-28,518.8581376,27.38602644
2022-07-29,526.4224496,27.88570131
2022-08-01,524.863588,27.75117346
2022-08-02,521.4008708,27.61664561
2022-08-03,529.5657279,28.07788395
2022-08-04,529.2079564,28.13553874
2022-08-05,528.3135276,28.11632048
2022-08-08,527.700205,28.11632048
2022-08-09,525.6046861,27.96257436
2022-08-10,536.6444928,28.61599535
2022-08-11,536.6444928,28.53912229
2022-08-12,545.7293338,29.03879716
2022-08-15,547.9781833,29.11567021
2022-08-16,549.0514978,29.15410674
2022-08-17,545.1543438,28.90426931
2022-08-18,546.7387605,29.00036063
2022-08-19,539.391667,28.53912229
2022-08-22,528.1601969,27.90491957
2022-08-23,526.8824415,27.86648304
2022-08-24,528.5690787,27.98179263
2022-08-25,536.0311702,28.44303097
2022-08-26,517.8870435,27.4628995
2022-08-29,514.462659,27.25149859
2022-08-30,508.8149801,26.94400636
2022-08-31,504.9433812,26.77104199
2022-09-01,506.5277979,26.80947851
2022-09-02,501.1867803,26.54042282
2022-09-06,499.2957023,26.3866767
2022-09-07,508.2655453,26.79026025
2022-09-08,511.5877093,27.05931595
2022-09-09,519.535348,27.53977255
2022-09-12,525.1191391,27.78960999
2022-09-13,502.28565,26.50198629
2022-09-14,504.2022831,26.59807761
2022-09-15,498.4779389,26.30980365
2022-09-16,494.6911829,26.07918448
2022-09-19,498.5274902,26.27136712
2022-09-20,492.8051055,26.00231142
2022-09-21,484.2086978,25.52185481
2022-09-22,480.1414423,25.42576349
2022-09-23,472.0967444,24.96452515
2022-09-26,467.4264573,24.73390598
2022-09-27,466.2332246,24.75312425
2022-09-28,475.4070028,25.32967217
2022-09-29,465.4762275,24.86843383
2022-09-30,458.2783399,24.58015987
2022-10-03,470.3774629,25.25279912
2022-10-04,484.9528645,25.96387489
2022-10-05,483.823784,25.94465663
2022-10-06,478.8327354,25.81012878
2022-10-07,465.4762275,25.06061647
2022-10-10,461.9221903,24.84921557
2022-10-11,458.9968456,24.6185964
2022-10-12,457.4828514,24.58015987
2022-10-13,469.5563135,25.1567078
2022-10-14,458.8557105,24.58015987
2022-10-17,470.6469025,25.27201738
2022-10-18,476.1768304,25.50263655
2022-10-19,472.8024196,25.38732697
2022-10-20,468.8378078,25.27201738
2022-10-21,480.2312555,25.86778357
2022-10-24,486.1076058,26.09840274
2022-10-25,493.8700336,26.48276802
2022-10-26,490.1492004,26.07918448
2022-10-27,487.5317867,25.52185481
2022-10-28,499.1305218,25.98309315
2022-10-31,495.5251628,25.73325572
2022-11-01,493.3568152,25.56029134
2022-11-02,480.9754221,24.90687036
2022-11-03,476.0228649,24.6185964
2022-11-04,482.8743301,24.92608863
2022-11-07,487.4932954,25.25279912
2022-11-08,490.1235395,25.40654523
2022-11-09,480.0259681,24.90687036
2022-11-10,506.4053922,26.25214885
2022-11-11,511.3066275,26.48276802
2022-11-14,506.9571019,26.32902191
2022-11-15,511.2809666,26.54042282
2022-11-16,507.380507,26.29058538
2022-11-17,505.8280215,26.23293059
2022-11-18,508.1246737,26.30980365
2022-11-21,506.2770876,26.117621
2022-11-22,513.0900614,26.52120455
2022-11-23,516.3233371,26.63651414
2022-11-25,516.2078629,26.61729587
2022-11-28,507.9707082,26.25214885
2022-11-29,507.0982369,26.19449406
2022-11-30,523.0721586,27.07853421
2022-12-01,522.6872448,27.00166116
2022-12-02,522.0842132,27.02087942
2022-12-05,512.6923171,26.54042282
2022-12-06,505.3019727,26.07918448
2022-12-07,504.4423319,26.05996621
2022-12-08,508.3941133,26.25214885
2022-12-09,504.5962974,26.02152968
2022-12-12,511.8711677,26.33835026
2022-12-13,515.7459664,26.54956397
2022-12-14,512.4485384,26.44395711
2022-12-15,499.9131798,25.72583048
2022-12-16,494.0386258,25.57798088
2022-12-19,489.8493453,25.30340305
2022-12-20,490.5196302,25.38788854
2022-12-21,497.8540936,25.81031597
2022-12-22,490.7516519,25.38788854
2022-12-23,493.5745824,25.55685951
2022-12-27,491.6281783,25.40900991
2022-12-28,485.5182738,25.11331071
2022-12-29,494.2577574,25.55685951
2022-12-30,492.9558579,25.53573814
2023-01-03,490.8805528,25.45125265
2023-01-04,494.6702404,25.55685951
2023-01-05,489.0243793,25.30340305
2023-01-06,500.2387609,25.7891946
2023-01-09,499.9551789,25.74695185
2023-01-10,503.4612844,26.00040831
2023-01-11,509.8289907,26.33835026
2023-01-12,511.6851642,26.50732123
2023-01-13,513.6702387,26.63404946
2023-01-17,512.7292618,26.5284426
2023-01-18,504.6342829,26.19050066
2023-01-19,500.9606062,26.0848938
2023-01-20,510.2930341,26.61292809
2023-01-23,516.4158287,26.90862729
2023-01-24,515.8615546,26.90862729
2023-01-25,516.054906,26.90862729
2023-01-26,521.7265473,27.24656923
2023-01-27,522.925326,27.33105472
2023-01-30,516.3642683,26.95087003
2023-01-31,523.9565335,27.39441883
2023-02-01,529.5250541,27.62675392
2023-02-02,537.2333302,28.3026378
2023-02-03,531.5230186,27.96469586
2023-02-06,528.274715,27.81684626
2023-02-07,535.1838053,28.23927369
2023-02-08,529.3317027,27.83796763
2023-02-09,524.7428293,27.58451117
2023-02-10,525.9673882,27.61830537
2023-02-13,532.1417431,27.96112374
2023-02-14,531.8968313,27.98254989
2023-02-15,533.6241039,27.98254989
2023-02-16,526.2767504,27.57545307
2023-02-17,524.9619609,27.44689618
2023-02-21,514.4307542,26.97552091
2023-02-22,513.7217991,26.95409477
2023-02-23,516.4544989,27.10407781
2023-02-24,510.9375388,26.82553788
2023-02-27,512.6777015,26.88981632
2023-02-28,510.7828577,26.88981632
2023-03-01,508.8235634,26.82553788
2023-03-02,512.7808222,27.03979936
2023-03-03,521.0047021,27.51117463
2023-03-06,521.3656247,27.55402692
2023-03-07,513.3737665,27.2326347
2023-03-08,514.2116226,27.27548699
2023-03-09,504.7245136,26.82553788
2023-03-10,497.4416106,26.50414565
2023-03-13,496.7326554,26.50414565
2023-03-14,504.9436452,27.03979936
2023-03-15,501.7855722,26.84696402
2023-03-16,510.5895063,27.44689618
2023-03-17,504.6422748,27.12550395
2023-03-20,509.4947288,27.33976544
2023-03-21,516.1846453,27.74686226
2023-03-22,507.3855288,27.40404388
2023-03-23,508.7571558,27.61830537
2023-03-24,512.0956441,27.72543611
2023-03-27,513.053195,27.72543611
2023-03-28,511.9015459,27.63973152
2023-03-29,519.3419754,27.98254989
2023-03-30,522.3828465,28.15395908
2023-03-31,529.7456367,28.47535131
2023-04-03,531.7642576,28.71103894
2023-04-04,528.8139656,28.6039082
2023-04-05,527.4293987,28.49677746
2023-04-06,529.4868392,28.66818664
2023-04-10,530.030314,28.68961279
2023-04-11,530.1726527,28.64676049
2023-04-12,528.0116932,28.58248205
2023-04-13,535.0251067,29.05385732
2023-04-14,533.7181791,29.05385732
2023-04-17,535.6332809,29.01100502
2023-04-18,535.9826576,29.03243117
2023-04-19,535.8920784,28.94672657
2023-04-20,532.9676662,28.86102198
2023-04-21,533.3817423,28.88244813
2023-04-24,533.938157,28.90387428
2023-04-25,525.4625373,28.41107286
2023-04-26,523.2368785,28.45392516
2023-04-27,533.6534797,29.24669265
2023-04-28,538.2083165,29.39667569
2023-05-01,537.6648416,29.43952799
2023-05-02,531.6219189,29.11813576
2023-05-03,527.9728735,28.94672657
2023-05-04,524.233249,28.73246509
2023-05-05,533.938157,29.16098806
2023-05-08,534.0804956,29.24669265
2023-05-09,531.7383778,29.18241421
2023-05-10,534.2228343,29.2681188
2023-05-11,533.2911631,29.3109711
2023-05-12,532.5924097,29.2252665
2023-05-15,534.4298723,29.41810184
2023-05-16,530.8584662,29.33239725
2023-05-17,537.3025251,29.65378947
2023-05-18,542.478476,29.9751817
2023-05-19,541.6891435,29.91090325
2023-05-22,541.9091214,29.88947711
2023-05-23,535.8273791,29.54665873
2023-05-24,531.9454159,29.43952799
2023-05-25,536.5520122,29.80377251
2023-05-26,543.5007263,30.27514778
2023-05-30,543.7077643,30.31800007
2023-05-31,540.6927729,30.14659089
2023-06-01,545.8299042,30.55368771
2023-06-02,553.7232294,30.89650608
2023-06-05,552.6621594,30.83222764
2023-06-06,553.865568,30.91793223
2023-06-07,551.9504662,30.57511386
2023-06-08,555.2889545,30.81080149
2023-06-09,556.2853251,30.85365379
2023-06-12,561.3318772,31.17504601
2023-06-13,565.0326821,31.3464552
2023-06-14,565.7055557,31.3464552
2023-06-15,572.7189692,31.75355202
2023-06-16,570.7758784,31.56071669
2023-06-20,567.8145873,31.53929054
2023-06-21,564.9052486,31.3893075
2023-06-22,566.9443833,31.58214283
2023-06-23,562.6583041,31.45358594
2023-06-26,560.359407,31.15361986
2023-06-27,566.5027873,31.51786439
2023-06-28,566.7885259,31.45358594
2023-06-29,569.0224824,31.51786439
2023-06-30,575.7373399,31.96781351
2023-07-03,576.399734,31.94638736
2023-07-05,575.5425181,32.0106658
2023-07-06,571.0356408,31.75355202
2023-07-07,569.5939596,31.68927358
2023-07-10,571.0356408,31.71069972
2023-07-11,574.6723142,31.92496121
2023-07-12,579.2960845,32.31063188
2023-07-13,583.8938787,32.61059796
2023-07-14,583.5302113,32.56774566
2023-07-17,585.5563579,32.78200715
2023-07-18,589.9073778,33.03912093
2023-07-19,591.2191778,33.06054708
2023-07-20,587.2967658,32.63202411
2023-07-21,587.2967658,32.52489337
2023-07-24,589.9203659,32.56774566
2023-07-25,591.5308926,32.73915485
2023-07-26,591.6218095,32.78200715
2023-07-27,587.6993975,32.8034333
2023-07-28,593.4531343,33.27480856
2023-07-31,594.5831006,33.29623471
2023-08-01,592.881657,33.27480856
2023-08-02,584.6342014,32.73915485
2023-08-03,582.9587341,32.78200715
2023-08-04,580.3221459,32.73915485
2023-08-07,585.3875123,33.14625167
2023-08-08,582.841841,33.03912093
2023-08-09,578.9454053,32.7177287
2023-08-10,579.1532152,32.7177287
2023-08-11,578.8155241,32.63202411
2023-08-14,582.0106014,32.93199019
2023-08-15,575.2308033,32.58917181
2023-08-16,571.0096646,32.28920573
2023-08-17,566.6586447,31.98923965
2023-08-18,566.9313952,31.96781351
2023-08-21,570.620021,32.28920573
2023-08-22,569.0744349,32.16064884
2023-08-23,575.4126369,32.54631951
2023-08-24,567.4379319,32.0963704
2023-08-25,571.4382725,32.22492729
2023-08-28,575.0619577,32.41776262
2023-08-29,583.3743539,32.86771174
2023-08-30,585.7771559,32.97484248
2023-08-31,584.9199401,32.97484248
2023-09-01,586.0109421,33.10339937
2023-09-05,583.4782588,33.08197323
2023-09-06,579.5558469,32.88913789
2023-09-07,577.7764746,32.84628559
2023-09-08,578.6466786,32.91056404
2023-09-11,582.4521974,33.21053012
2023-09-12,579.2571202,32.99626863
2023-09-13,579.9325024,33.10339937
2023-09-14,584.9329282,33.33908701
2023-09-15,577.910473,32.84628559
2023-09-18,578.2493699,32.95341634
2023-09-19,577.0501963,32.88913789
2023-09-20,571.7451562,32.50346722
2023-09-21,562.2951462,31.98923965
2023-09-22,561.0308,32.0106658
2023-09-25,563.3900439,32.20350114
2023-09-26,555.1131386,31.79640432
2023-09-27,555.334725,31.86068276
2023-09-28,558.5542457,32.07494425
2023-09-29,557.198658,31.92496121
2023-10-02,556.9770716,32.07494425
2023-10-03,549.5213396,31.58214283
2023-10-04,553.52293,31.83925662
2023-10-05,553.3143781,31.86068276
2023-10-06,559.8837643,32.37491033
2023-10-09,563.4682509,32.54631951
2023-10-10,566.4010126,32.7177287
2023-10-11,568.721153,32.97484248
2023-10-12,565.2539769,32.8034333
2023-10-13,562.4385256,32.54631951
2023-10-16,568.3561871,32.93199019
2023-10-17,568.3301181,32.88913789
2023-10-18,560.7570756,32.41776262
2023-10-19,555.8300359,32.26777958
2023-10-20,548.9999597,31.86068276
2023-10-23,548.0484415,31.94638736
2023-10-24,552.1803769,32.16064884
2023-10-25,544.255403,31.56071669
2023-10-26,537.7381547,31.06791527
2023-10-27,535.3007038,31.13219372
2023-10-30,541.7006416,31.56071669
2023-10-31,545.1026452,31.62499513
2023-11-01,550.9160307,32.11779655
2023-11-02,561.4739729,32.56774566
2023-11-03,566.59653,32.82485944
2023-11-06,567.8999797,32.95341634
2023-11-07,569.5162573,33.08197323
2023-11-08,569.9333611,33.16767782
2023-11-09,565.4885978,32.99626863
2023-11-10,574.312952,33.5104962
2023-11-13,573.7655031,33.5104962
2023-11-14,584.8969632,34.00329761
2023-11-15,586.1352403,33.87474072
2023-11-16,586.8521376,34.00329761
2023-11-17,587.5820695,34.06757606
2023-11-20,592.1050398,34.36754213
2023-11-21,590.8146246,34.23898524
2023-11-22,593.0956615,34.41039443
2023-11-24,593.4606274,34.36754213
2023-11-27,592.3917987,34.30326369
2023-11-28,592.978351,34.32468984
2023-11-29,592.5612471,34.19613295
2023-11-30,594.894422,34.21755909
2023-12-01,598.4137361,34.26041139
2023-12-04,595.2724224,33.98187146
2023-12-05,595.1551119,34.02472376
2023-12-06,592.7567646,33.81046227
2023-12-07,597.2797349,34.19613295
2023-12-08,599.8475307,34.42967796
2023-12-11,602.1807056,34.36333947
2023-12-12,604.9309843,34.65080628
2023-12-13,613.2730621,35.0267244
2023-12-14,615.2412711,34.96038591
2023-12-15,614.2324923,35.04883723
2023-12-18,617.6875746,35.3805297
2023-12-19,621.4436679,35.57954518
2023-12-20,612.832137,35.13728856
2023-12-21,618.6429572,35.44686819
2023-12-22,619.8862634,35.46898102
2023-12-26,622.50375,35.57954518
2023-12-27,623.6292692,35.69010934
2023-12-28,623.864843,35.71222217
2023-12-29,622.0587772,35.57954518
2024-01-02,618.5775201,35.26996554
2024-01-03,613.5257709,35.15940139
2024-01-04,611.5495686,35.07095007
2024-01-05,612.3871643,35.18151422
2024-01-08,621.1295695,35.75644783
2024-01-09,620.1872743,35.77856066
2024-01-10,623.6947064,36.15447879
2024-01-11,623.4198703,36.22081728
2024-01-12,623.8517556,36.3092686
2024-01-16,621.5614548,36.17659162
2024-01-17,618.1063725,36.04391463
2024-01-18,623.6030943,36.39771993
2024-01-19,631.3770295,36.88420221
2024-01-22,632.7119477,36.97265354
2024-01-23,634.5572757,37.12744335
2024-01-24,635.2509097,37.41491016
2024-01-25,638.705992,37.59181281
2024-01-26,637.8945712,37.68026413
2024-01-29,642.9463203,38.0119566
2024-01-30,642.4489978,38.0119566
2024-01-31,631.965964,37.304346
2024-02-01,640.2372217,37.76871545
2024-02-02,646.9772496,39.27238797
2024-02-05,644.6215117,39.11759815
2024-02-06,646.4930146,39.02914683
2024-02-07,651.885037,39.60408043
2024-02-08,652.1729605,39.67041893
2024-02-09,655.9421412,39.95788573
2024-02-12,655.6542177,39.84732157
2024-02-13,646.623889,39.33872646
2024-02-14,652.5001464,39.89154724
2024-02-15,657.0022233,40.13478838
2024-02-16,653.7303651,39.89818109
2024-02-20,650.131321,39.58837824
2024-02-21,650.7202555,39.52199191
2024-02-22,664.187224,40.69481698
2024-02-23,664.6452842,40.71694576
2024-02-26,662.2110216,40.56204433
2024-02-27,663.4412403,40.65055943
2024-02-28,662.5643823,40.53991556
2024-02-29,664.9462951,40.80546086
2024-03-01,671.1890007,41.2922939
2024-03-04,670.4691919,41.2037788
2024-03-05,663.7684262,40.69481698
2024-03-06,667.1318964,40.96036228
2024-03-07,673.7541375,41.5578392
2024-03-08,669.7101207,41.15952125
2024-03-11,669.1342737,40.69481698
2024-03-12,676.3323618,41.42506655
2024-03-13,675.2722798,41.42506655
2024-03-14,673.9373616,41.35868023
2024-03-15,669.3239629,41.09313493
2024-03-18,673.3018607,41.44719533
2024-03-19,677.0434477,41.66848308
2024-03-20,683.3056827,42.11105857
2024-03-21,685.5637633,42.22170245
2024-03-22,684.2640541,42.28808877
2024-03-25,682.3735681,42.13318735
2024-03-26,681.1132441,41.93402837
2024-03-27,686.8372157,42.04467225
2024-03-28,686.705932,41.97828592
2024-04-01,685.5112498,42.04467225
2024-04-02,681.1526292,41.84551327
2024-04-03,681.9009466,42.13318735
2024-04-04,673.5775566,41.71274063
2024-04-05,680.6143658,42.42086142
2024-04-08,680.9950887,42.26596
2024-04-09,681.7827912,42.15531612
2024-04-10,674.956036,42.02254347
2024-04-11,680.0498456,42.3544751
2024-04-12,670.6630572,41.71274063
2024-04-15,662.260897,41.13739248
2024-04-16,661.0530864,41.13739248
2024-04-17,657.1408306,40.87184718
2024-04-18,655.7886079,40.87184718
2024-04-19,650.0646362,40.09734006
2024-04-22,656.0511754,40.45140046
2024-04-23,663.836302,41.07100615
2024-04-24,663.521221,40.87184718
2024-04-25,661.0005729,40.18585516
2024-04-26,667.262808,40.76120331
2024-04-29,669.6259156,40.60630188
2024-04-30,659.0181883,40.03095374
2024-05-01,656.8782631,40.07521129
2024-05-02,663.0223428,40.53991556
2024-05-03,671.2407058,41.07100615
2024-05-06,678.172488,41.7348694
2024-05-07,678.9208054,41.8233845
2024-05-08,678.9864472,41.88977082
2024-05-09,682.8987031,42.04467225
2024-05-10,683.7783043,42.11105857
2024-05-13,683.8702029,41.95615715
2024-05-14,687.0078846,42.19957367
2024-05-15,695.5150719,42.77492182
2024-05-16,694.0840789,42.5315053
2024-05-17,695.0818355,42.62002039
2024-05-20,695.8826664,42.68640672
2024-05-21,697.5893552,42.79705059
2024-05-22,695.5807137,42.68640672
2024-05-23,690.5000325,42.64214917
2024-05-24,695.0687071,43.12898222
2024-05-28,695.554457,43.30601242
2024-05-29,690.6838297,43.06259589
2024-05-30,686.1020267,42.66427794
2024-05-31,692.3511334,42.79705059
2024-06-03,692.9156535,43.08472467
2024-06-04,693.6902277,42.99620957
2024-06-05,701.9348474,43.77071669
2024-06-06,701.9217191,43.74858791
2024-06-07,701.0683747,43.68220159
2024-06-10,703.2345566,43.96987566
2024-06-11,704.928117,44.10264831
2024-06-12,710.7177306,44.47883748
2024-06-13,712.1487235,44.50096626
2024-06-14,712.5819599,44.54522381
2024-06-17,718.2534181,44.81076911
2024-06-18,720.0782622,44.87715543
2024-06-20,718.1221343,44.76651156
2024-06-21,717.1624763,44.56735258
2024-06-24,714.8312472,44.34606483
2024-06-25,717.5839415,44.85502666
2024-06-26,718.4795549,44.94354176
2024-06-27,719.6122425,45.09844318
2024-06-28,716.7805235,44.70012523
2024-07-01,718.2556516,44.87715543
2024-07-02,723.0893301,45.07631441
2024-07-03,726.3161727,45.29760215
2024-07-05,730.5044827,45.91720785
2024-07-08,731.347413,45.82869275
2024-07-09,732.0586354,45.91720785
2024-07-10,739.3025678,46.38191212
2024-07-11,732.9279073,45.607405
2024-07-12,737.5508533,45.67379133
2024-07-15,739.5791543,45.76230643
2024-07-16,743.9650261,45.80656398
2024-07-17,733.5337635,44.61161013
2024-07-18,727.896667,44.43457993
2024-07-19,723.0629885,44.19116341
2024-07-22,730.5176535,44.78864033
2024-07-23,729.3717951,44.81076911
2024-07-24,712.8424585,43.39452752
2024-07-25,709.1282968,42.95195202
2024-07-26,717.0702808,43.50517139
2024-07-29,717.491746,43.48304261
2024-07-30,713.856609,43.06259589
2024-07-31,725.4600716,44.03626199
2024-08-01,715.1868584,43.61581526
2024-08-02,701.8711936,42.59789162
2024-08-05,681.4301335,41.33655145
2024-08-06,687.7125985,42.0004147
2024-08-07,683.1159941,41.69061185
2024-08-08,698.9077667,42.92982324
2024-08-09,701.9897307,43.26175487
2024-08-12,702.3585127,43.32814119
2024-08-13,713.9092921,44.16903464
2024-08-14,716.1614966,44.34606483
2024-08-15,728.4366693,45.12057195
2024-08-16,730.0698467,45.09844318
2024-08-19,737.0503634,45.58527623
2024-08-20,735.8518219,45.49676113
2024-08-21,738.3806128,45.74017765
2024-08-22,732.5854669,45.31973093
2024-08-23,740.3694015,45.74017765
2024-08-26,738.6045162,45.49676113
2024-08-27,739.6186667,45.607405
2024-08-28,735.3249904,45.31973093
2024-08-29,735.3908443,45.2533446
2024-08-30,742.4108734,45.76230643
2024-09-03,727.1327614,44.54522381
2024-09-04,725.6444626,44.43457993
2024-09-05,723.8795773,44.32393606
2024-09-06,711.6966001,43.39452752
2024-09-09,719.6649257,43.85923179
2024-09-10,722.7995728,43.99200444
2024-09-11,730.2147254,44.67799646
2024-09-12,736.3654825,45.23121583
2024-09-13,740.2113521,45.38611725
2024-09-16,741.3045273,45.49676113
2024-09-17,741.6074554,45.607405
2024-09-18,739.4079341,45.49676113
2024-09-19,752.0255472,46.44829845
2024-09-20,750.7289229,46.44829845
2024-09-23,752.6049195,46.492556
2024-09-24,754.7583522,46.60319987
2024-09-25,753.0937355,46.6695862
2024-09-26,756.0794766,46.71384375
2024-09-27,754.9829433,46.51468477
2024-09-30,758.0083181,46.71384375
2024-10-01,751.2177389,46.38191212
2024-10-02,751.5348087,46.38191212
2024-10-03,750.1608394,46.44829845
2024-10-04,756.9778411,47.09003292
2024-10-07,750.1344169,46.5810711
2024-10-08,757.2288548,47.09003292
2024-10-09,762.4737185,47.31132067
2024-10-10,761.1393829,47.22280557
2024-10-11,765.697262,47.64325229
2024-10-14,771.9593915,47.86454004
2024-10-15,765.9614868,47.39983577
2024-10-16,769.2907202,47.57686597
2024-10-17,769.3567765,47.62112352
2024-10-18,772.3160951,47.84241126
2024-10-21,771.0478157,47.88666881
2024-10-22,770.6382671,47.86454004
2024-10-23,763.5966742,47.22280557
2024-10-24,765.2480797,47.28919189
2024-10-25,764.9838548,47.39983577
2024-10-28,767.3486674,47.55473719
2024-10-29,768.5905243,47.88666881
2024-10-30,766.2653454,47.70963861
2024-10-31,751.2441614,46.55894232
2024-11-01,754.4148598,46.82448762
2024-11-04,752.7898769,46.55894232
2024-11-05,761.8924238,47.24493434
2024-11-06,780.8373472,48.37350186
2024-11-07,786.8748856,48.94885001
2024-11-08,790.2833865,49.01523633
2024-11-11,791.0364274,48.90459246
2024-11-12,788.579136,48.92672123
2024-11-13,788.9622621,48.86033491
2024-11-14,783.8891445,48.57266083
2024-11-15,773.8485993,47.59899474
2024-11-18,777.0192978,47.66538106
2024-11-19,779.8597152,48.08582779
2024-11-20,780.1239401,48.15221411
2024-11-21,784.3119043,48.30711554
2024-11-22,786.7427732,48.26285799
2024-11-25,789.4114444,48.32924431
2024-11-26,793.5333524,48.79394858
2024-11-27,791.1289061,48.55053206
2024-11-29,796.0434887,48.83820613
2024-12-02,797.470303,49.17013776
2024-12-03,797.8402179,49.50206938
2024-12-04,802.7944343,49.94464488
2024-12-05,801.4733099,50.1880614
2024-12-06,802.9926029,50.47130972
2024-12-09,798.8574836,49.91920788
2024-12-10,796.3737698,49.80418666
2024-12-11,802.5302094,50.44830547
2024-12-12,798.3950901,50.08023758
2024-12-13,798.2365552,49.85019515
2024-12-16,801.645056,50.10324183
2024-12-17,798.3422451,49.85019515
2024-12-18,774.5487952,48.35491934
2024-12-19,774.3109928,48.42393207
2024-12-20,783.5794069,48.79199996
2024-12-23,788.2717373,49.29809331
2024-12-24,797.033405,49.78118242
2024-12-26,797.0864257,49.68916545
2024-12-27,788.6959027,49.16006785
2024-12-30,779.6956419,48.67697874
2024-12-31,776.8590355,48.37792358
2025-01-02,774.9502909,48.6539745
2025-01-03,784.6398206,49.32109755
2025-01-06,789.1598337,49.98822061
2025-01-07,780.2391039,49.32109755
2025-01-08,781.3790486,49.29809331
2025-01-10,769.4493951,48.76899572
2025-01-13,770.6423605,48.56195753
2025-01-14,771.7027741,48.40092782
2025-01-15,785.7399997,49.5051315
2025-01-16,784.2289103,49.29809331
2025-01-17,792.1024816,49.75817818
2025-01-21,799.3530599,50.28727577
2025-01-22,803.8465627,50.95439883
2025-01-23,808.2340241,51.34547096
2025-01-24,805.8746038,51.32246672
2025-01-27,794.4751571,50.17225456
2025-01-28,801.3015699,51.00040731
2025-01-29,797.7094187,50.8853861
2025-01-30,801.9908388,51.25345399
2025-01-31,797.7226739,51.00040731
2025-02-03,792.3543298,50.79336912
2025-02-04,797.6696532,51.27645823
2025-02-05,800.9039148,51.52950491
2025-02-06,803.6875006,51.92057704
2025-02-07,796.330881,51.56401127
2025-02-10,801.7389906,51.91179013
2025-02-11,802.3487284,51.79586384
2025-02-12,799.7639702,51.70312281
2025-02-13,808.2075138,52.21319847
2025-02-14,808.1677483,52.35231001
2025-02-18,810.5404238,52.16682795
2025-02-19,812.4491684,52.02771641
2025-02-20,809.0690999,51.61038179
2025-02-21,795.2307018,50.54385997
2025-02-24,791.6120403,50.17289586
2025-02-25,787.6752546,49.77874649
2025-02-26,788.0729097,50.19608112
2025-02-27,775.4937529,49.22230033
2025-02-28,787.5957236,50.08015483
2025-03-03,773.7970911,48.94407725
2025-03-04,764.6377682,48.36444583
2025-03-05,772.8559739,49.1295593
2025-03-06,759.1368724,47.76162915
2025-03-07,763.3917822,47.64570286
2025-03-10,743.0583506,46.18503168
2025-03-11,736.8814411,46.32414322
2025-03-12,740.7917164,46.97333041
2025-03-13,730.9166143,46.11547591
2025-03-14,746.0142536,47.22836824
2025-03-17,751.7669976,47.48340606
2025-03-18,743.6415781,46.74147784
2025-03-19,751.7404873,47.32110927
2025-03-20,749.5666393,47.29792401
2025-03-21,749.8125625,47.43703555
2025-03-24,763.2405331,48.48037211
2025-03-25,765.0752459,48.68903942
2025-03-26,755.9415669,47.83118492
2025-03-27,753.9340188,47.55296183
2025-03-28,738.7511055,46.37051373
2025-03-31,743.7101481,46.41688425
2025-04-01,745.8107613,46.7646631
2025-04-02,750.5304936,47.06607144
2025-04-03,713.5437467,44.60843421
2025-04-04,671.7707925,42.10442647
2025-04-07,670.5742407,42.40583481
2025-04-08,660.0711745,42.01168544
2025-04-09,729.3914111,46.11547591
2025-04-10,697.430182,44.44613741
2025-04-11,709.8743211,45.09532461
2025-04-14,716.7611417,45.16488038
2025-04-15,714.7535936,45.07213935
2025-04-16,698.8660442,43.98243228
2025-04-17,699.8631707,43.98243228
2025-04-21,683.2045101,42.91591046
2025-04-22,700.9799524,44.05198805
2025-04-23,711.8419841,45.04895409
2025-04-24,726.8254721,46.09229065
2025-04-25,732.0770052,46.6023663
2025-04-28,732.3562006,46.57918105
2025-04-29,736.9695727,46.83421887
2025-04-30,737.2620632,46.78784836
2025-05-01,742.4870062,47.39066504
2025-05-02,753.5085782,48.36444583
2025-05-05,749.1876965,48.01666697
2025-05-06,742.9257419,47.57614709
2025-05-07,746.0500717,47.57614709
2025-05-08,751.2484247,47.97029646
2025-05-09,750.2911832,47.85437017
2025-05-12,775.0863963,49.59326444
2025-05-13,780.2049792,50.21926637
2025-05-14,781.2021057,50.35837792
2025-05-15,785.0177766,50.26563689
2025-05-16,789.9901142,50.56704523
2025-05-19,790.8542906,50.65978626
2025-05-20,788.1952865,50.45111894
2025-05-21,774.9135611,49.98741381
2025-05-22,775.2193465,50.03378432
2025-05-23,769.9279284,49.70919072
2025-05-27,785.935133,50.68297151
2025-05-28,781.388236,50.52067471
2025-05-29,784.4726807,50.68297151
2025-05-30,783.5952094,50.65978626
2025-06-02,788.0091562,51.21623242
2025-06-03,792.5028731,51.30897345
2025-06-04,792.2901528,51.6567523
2025-06-05,788.4611869,51.51764076
2025-06-06,796.5578543,52.12045744
2025-06-09,797.2757854,52.05090167
2025-06-10,801.7960924,52.14364269
2025-06-11,799.5093489,51.95816064
2025-06-12,802.6868587,52.09727218
2025-06-13,793.7127199,51.51764076
2025-06-16,801.2642916,52.23638372
2025-06-17,794.417356,51.88860487
2025-06-18,794.2977008,51.88860487
2025-06-20,792.437887,51.88860487
2025-06-23,800.2651913,52.09727218
2025-06-24,809.1059115,52.79282989
2025-06-25,809.5592818,52.8392004
2025-06-26,815.8931311,53.46520234
2025-06-27,819.9467946,53.8593517
2025-06-30,823.867114,54.09120427
2025-07-01,823.6004256,53.48838759
2025-07-02,827.3340631,53.51157285
2025-07-03,833.8545943,54.04483376
2025-07-07,827.6407547,53.78979593
2025-07-08,827.1873845,53.74342542
2025-07-09,832.1477885,54.29987158
2025-07-10,834.4946464,54.1839453
2025-07-11,831.5610741,53.99846324
2025-07-14,833.14787,54.23031581
2025-07-15,829.58758,54.11438953
2025-07-16,832.3611393,54.09120427
2025-07-17,837.4548875,54.32305684
2025-07-18,836.8415042,54.3462421
2025-07-21,838.4283002,54.53172415
2025-07-22,838.5483099,54.20713056
2025-07-23,845.6822244,54.76357672
2025-07-24,845.9622472,54.99542929
2025-07-25,849.5358717,55.11135557
2025-07-28,849.322521,55.2040966
2025-07-29,847.0823385,54.78676198
2025-07-30,846.0155849,54.85631775
2025-07-31,842.8419931,55.80691328
2025-08-01,829.0275344,54.69402095
2025-08-04,841.6285609,55.57506071
2025-08-05,837.3615466,55.08817032
2025-08-06,843.7754024,55.690987
2025-08-07,843.0686782,55.38957866
2025-08-08,849.642547,55.73735751
2025-08-11,847.9624102,55.62143122
2025-08-12,856.9898122,56.3865447
2025-08-13,859.9233845,56.2242479
2025-08-14,860.0033911,56.3865447
2025-08-15,857.9898937,56.31698893
2025-08-18,857.8032118,56.20106265
2025-08-19,853.1494994,55.5286902
2025-08-20,850.8826481,55.38957866
2025-08-21,847.4690367,55.18091134
2025-08-22,860.4834302,55.96921008
2025-08-25,856.696455,55.83009854
2025-08-26,860.2834139,56.15469213
2025-08-27,862.2435735,56.17787739
2025-08-28,865.2971556,56.47928573
2025-08-29,860.1367353,55.94602482
2025-09-02,853.7628827,55.57506071
2025-09-03,858.3899263,55.87646905
2025-09-04,865.563844,56.52565624
2025-09-05,863.0569731,56.2242479
2025-09-08,865.1771459,56.3865447
2025-09-09,867.1773088,56.8734351
2025-09-10,869.6841797,56.91980561
2025-09-11,876.9114351,57.12847292
2025-09-12,876.6180779,57.05891715
2025-09-15,881.2851247,57.49943703
2025-09-16,880.0716925,57.54580754
2025-09-17,878.9782701,57.38351075
2025-09-18,883.0852714,57.75447486
2025-09-19,887.4471067,57.98632743
2025-09-22,891.6456661,58.0558832
2025-09-23,886.7919175,57.49943703
2025-09-24,883.9705925,57.31395498
2025-09-25,879.8923739,56.96617612
2025-09-26,884.9333195,57.12847292
2025-09-29,887.4203643,57.29076972
2025-09-30,890.7631664,57.406696
2025-10-01,893.7984307,57.24439921
2025-10-02,894.8280138,57.42988126
2025-10-03,894.8146426,57.24439921
2025-10-06,898.0237326,57.47625177
2025-10-07,894.6943017,57.33714023
2025-10-08,900.0294139,57.75447486
2025-10-09,897.4220282,57.8935864
2025-10-10,873.166656,56.2242479
2025-10-13,886.5646069,57.15165818
2025-10-14,885.481539,56.80387932
2025-10-15,889.4126743,57.08210241
2025-10-16,883.3555169,56.78069407
2025-10-17,888.3697201,56.96617612
2025-10-20,897.6092251,57.5689928
2025-10-21,897.5958539,57.42988126
2025-10-22,892.9293022,57.12847292
2025-10-23,898.2243007,57.5689928
2025-10-24,905.5650942,58.0558832
2025-10-27,916.2486897,58.77462616
2025-10-28,918.6822497,59.02966398
2025-10-29,919.1234996,59.21514604
2025-10-30,909.014866,57.87040114
2025-10-31,911.9966454,57.98632743
2025-11-03,913.7081601,58.07906845
2025-11-04,902.8774813,57.33714023
2025-11-05,906.0063441,57.54580754
2025-11-06,896.2854755,56.78069407
2025-11-07,897.1679752,56.91980561
2025-11-10,911.1676305,57.96314217
2025-11-11,913.253539,57.8935864
2025-11-12,913.761645,57.75447486
2025-11-13,898.5986946,56.82706458
2025-11-14,898.4516113,56.73432355
2025-11-17,890.0812348,56.20106265
2025-11-18,882.6067292,55.71417225
2025-11-19,886.0163874,56.01558059
2025-11-20,872.5114668,55.08817032
2025-11-21,881.2027523,55.50550494
2025-11-24,894.1728245,56.61839727
2025-11-25,902.5833147,57.22121395
2025-11-26,908.8142978,57.59217806
2025-11-28,913.7750162,57.93995691
2025-12-01,909.6031991,57.54580754
2025-12-02,911.2879714,57.77766011
2025-12-03,914.4435766,57.68491909
2025-12-04,915.112137,57.96314217
2025-12-05,916.8503941,58.10225371
2025-12-08,914.0959252,58.80520129
2025-12-09,913.3070239,58.58704515
2025-12-10,919.3641813,58.82944086
2025-12-11,921.5035747,58.95063872
2025-12-12,911.5955092,58.199212
2025-12-15,910.2182747,58.15073285
2025-12-16,907.7312299,58.12649328
2025-12-17,897.7429372,57.39930613
2025-12-18,904.5221399,58.07801414
2025-12-19,912.6964544,58.61128472
2025-12-22,918.3824518,58.99911787
2025-12-23,922.579898,59.38695102
2025-12-24,925.8252078,59.53238845
2025-12-26,925.7313352,59.53238845
2025-12-29,922.4323839,59.28999273
2025-12-30,921.3059127,59.28999273
2025-12-31,914.4800338,58.90215958
