vehicle,arm,Sharpe,Martin,MaxDD,CAGR,MeanW,fastMaxDD
P0,incumbent,0.6000682581147649,1.184939619974874,-0.30925589783833873,0.07584971353337155,0.5236055708031601,-0.07336516500717494
P0,H_parity,0.6039790812039639,1.8235085286044903,-0.1565254211605911,0.05358553289480161,0.2574651729677401,-0.03545853801608351
P0,incumbent x0.5,0.5988280975896038,1.7720881288878618,-0.16530092074151104,0.05385681968529221,0.26180278540158003,-0.03621528975829086
P0,incumbent x0.49,0.5988280975896039,1.7915669525105937,-0.16273475718125874,0.05348502845244285,0.2574651729677401,-0.03559035538153299
SPY,incumbent,0.5601905849574929,1.5078832448133084,-0.11175579417970649,0.06339514965204929,0.502644140707619,-0.0718657243374376
SPY,H_parity,0.5499078327221573,2.3397108557256914,-0.05544712562585563,0.041767948334628935,0.2479314760216104,-0.03517414554222692
SPY,incumbent x0.5,0.5586824128387339,2.3579890824949583,-0.05688502859063116,0.042527784742021346,0.2513220703538095,-0.03589673286442635
SPY,incumbent x0.49,0.5586824128387337,2.381636447863812,-0.056129704507045686,0.042239605402009106,0.24793147602161042,-0.035404422194512564
QQQ,incumbent,0.8076248430426127,2.3751473069951006,-0.10081139971791064,0.08613017735684014,0.4488509514131246,-0.0834705046586608
QQQ,H_parity,0.7989790147209657,3.210566402535421,-0.04595062831444319,0.05141582239429243,0.2213937560306549,-0.04060448399914235
QQQ,incumbent x0.5,0.8051421546690497,3.2391464503940304,-0.04759613664925044,0.05230243233270282,0.2244254757065623,-0.041511713209166856
QQQ,incumbent x0.49,0.8051421546690496,3.2635790220400733,-0.046859096651998056,0.05184272035020343,0.22139375603065495,-0.04093832584699808
XLK,incumbent,0.6720370446330262,1.7875989344048528,-0.10402299929382008,0.07464394972243915,0.45950805127897576,-0.09073152400441259
XLK,H_parity,0.6617953043612824,2.5730144878406156,-0.04831406451757003,0.04589944829611681,0.2261613618096697,-0.04389591093989059
XLK,incumbent x0.5,0.6693797524608321,2.5917671695414874,-0.04985033527058291,0.04678084699817853,0.22975402563948788,-0.04506253231289026
XLK,incumbent x0.49,0.6693797524608324,2.6186611964549313,-0.04904161020308473,0.0463391846565262,0.22616136180966961,-0.0443349739898361
IWM,incumbent,0.327280128351165,0.7548376856080877,-0.12598831450929304,0.03898696271574309,0.3092269803258615,-0.08340760201672642
IWM,H_parity,0.3147654419030287,1.3057121746984346,-0.06135662316315704,0.02784859183471422,0.15194231365642685,-0.03945653059983745
IWM,incumbent x0.5,0.32460199871367695,1.3191594369083677,-0.06348720030280808,0.02844895497890798,0.15461349016293074,-0.041186431594867345
IWM,incumbent x0.49,0.32460199871367684,1.340563230648123,-0.062413485220892295,0.028258841531801027,0.15194231365642688,-0.040442180947748485
EFA,incumbent,0.2707570744097055,0.44875885183937575,-0.1677418560517081,0.033278775633935,0.4302037795838273,-0.0652755498409161
EFA,H_parity,0.26180102429710506,0.8221127846382084,-0.06820692677416784,0.024119364631139062,0.21103594106836968,-0.03113516927607657
EFA,incumbent x0.5,0.2686691493207824,0.8277631822002333,-0.07131591746019283,0.024611733747860187,0.21510188979191364,-0.03278690304681192
EFA,incumbent x0.49,0.26866914932078234,0.8410942763157283,-0.06991655338236202,0.02443636602221244,0.2110359410683697,-0.032153807600105166
EEM,incumbent,0.22383690157652103,0.26306671885435,-0.20847966348529468,0.02847731872959902,0.3116251731155772,-0.02975319156574252
EEM,H_parity,0.2219998264469285,0.436654522676897,-0.10585987598886737,0.021779293623398033,0.15314067753606792,-0.013671869408117321
EEM,incumbent x0.5,0.22122504397456025,0.4240455327845141,-0.10877117751053678,0.02189697226453302,0.1558125865577886,-0.014257461665137638
EEM,incumbent x0.49,0.22122504397456014,0.42967574459990515,-0.10697858798939353,0.021775149609845945,0.15314067753606794,-0.01398801989937093
TLT,incumbent,0.13749907226514158,0.21809376141317913,-0.1639494170820518,0.02088463430397991,0.3098041643726249,-0.0407984803429049
TLT,H_parity,0.1428359382404291,0.4204958655045725,-0.08145217997524912,0.017995024846850338,0.15109922143617274,-0.02029674950402327
TLT,incumbent x0.5,0.13592412062629367,0.4035151102143605,-0.08321207894188654,0.01784776282540812,0.15490208218631246,-0.02063425844952138
TLT,incumbent x0.49,0.13592412062629364,0.41247131467326287,-0.08115720722188668,0.017761585145519065,0.15109922143617271,-0.020133079371178197
GLD,incumbent,0.450163737186781,0.42737327014659376,-0.2423477213534624,0.04724596817291293,0.35658794605984623,-0.05309357258478958
GLD,H_parity,0.4513829032660632,0.6042477684319902,-0.1190767073030845,0.031700439660411917,0.17375270679338617,-0.026170775955811965
GLD,incumbent x0.5,0.44823221293266713,0.6048512628494758,-0.11992538464304148,0.03191753281372711,0.17829397302992311,-0.02664918349796508
GLD,incumbent x0.49,0.44823221293266696,0.6143547190478191,-0.116629307151074,0.03151509655009499,0.1737527067933862,-0.025967639995327974
UPRO,incumbent,0.6716283741348641,1.1236871785348888,-0.3274987803631696,0.1602914358540568,0.5433776147706093,-0.20920915840264415
UPRO,H_parity,0.6340692036283107,1.2872479545315003,-0.15365456299476,0.08376346327344608,0.25861012851573256,-0.10158525470304519
UPRO,incumbent x0.5,0.6700786921939527,1.3828301971383679,-0.16765271209262078,0.09295058889095498,0.27168880738530465,-0.10791160649127224
UPRO,incumbent x0.48,0.6700786921939528,1.4045004061321933,-0.16000111385149263,0.08940671238543163,0.25861012851573256,-0.10287396787669573
TQQQ,incumbent,0.8640145313316812,1.8003476112354473,-0.29413157041171745,0.2234639123185982,0.4459190402244943,-0.24018210805204948
TQQQ,H_parity,0.8384976981011241,1.9572655128326895,-0.13727259344581333,0.11340886783729243,0.2118675206842533,-0.11588059559748409
TQQQ,incumbent x0.5,0.861571904148185,2.068662030746906,-0.15256865733483815,0.12306162349938621,0.22295952011224715,-0.12456735346762549
TQQQ,incumbent x0.48,0.8615719041481852,2.0956321240040077,-0.1451025397891056,0.11784337066324668,0.21186752068425327,-0.11856092684245617
TECL,incumbent,0.7938927329560135,1.6369540606817796,-0.3233111941204041,0.2017310504500467,0.4306011832787021,-0.24634220565238601
TECL,H_parity,0.7634294981090384,1.7535646676995669,-0.1476282473915287,0.10254169111011824,0.2032080014594934,-0.11925339156260617
TECL,incumbent x0.5,0.7911270603333971,1.9071774916072248,-0.16289782929939745,0.11257394291297906,0.21530059163935106,-0.1280764718432979
TECL,incumbent x0.47,0.791127060333397,1.9352325846472884,-0.15319040078578983,0.10726589503480355,0.2032080014594934,-0.12107702940569254
TNA,incumbent,0.41366359155250376,0.5111212350714855,-0.41913887727629817,0.08345785085312318,0.30692583217831687,-0.2308380574354324
TNA,H_parity,0.38058319401884316,0.6481263804679396,-0.17806905184409538,0.048256293225429125,0.14377036386255643,-0.10287990917215611
TNA,incumbent x0.5,0.41118096112754404,0.6993005509455514,-0.20595647614824086,0.054072586672836875,0.15346291608915844,-0.12060751345197579
TNA,incumbent x0.47,0.41118096112754404,0.7214095952153926,-0.19084727408438762,0.05185342957573269,0.14377036386255643,-0.11321486098068323
EDC,incumbent,0.23844279520958758,0.13574251382199207,-0.5228348350389247,0.04312301225256099,0.3152838327581816,-0.0865940861656358
EDC,H_parity,0.23162318083031466,0.22569513467110838,-0.2743588760167114,0.03336053007953432,0.147607753564831,-0.03860860284859047
EDC,incumbent x0.5,0.23585967679702244,0.21413097489573066,-0.29651514673636825,0.03486324391246454,0.1576419163790908,-0.044173478351850426
EDC,incumbent x0.47,0.23585967679702258,0.2228713131224991,-0.2797708875455366,0.03392525473681407,0.14760775356483102,-0.041358925357902976
TMF,incumbent,0.12044223259903723,0.06864044591478008,-0.5688658211613138,0.01901521557719965,0.2960793017852229,-0.12108402958807213
TMF,H_parity,0.12342826870290033,0.17274211466623948,-0.23256709192109093,0.021214625855507707,0.13464135439116864,-0.05971773285703241
TMF,incumbent x0.5,0.11900703889192342,0.1575121302356553,-0.26218422491794746,0.02102546240422365,0.14803965089261145,-0.061041431749831565
TMF,incumbent x0.45,0.11900703889192346,0.17412266990358238,-0.22718495058799815,0.020777068953001354,0.13464135439116864,-0.05548390704297623
UGL,incumbent,0.4071945312057296,0.2425613641994198,-0.5547280760728177,0.0806382096155871,0.4585988434418464,-0.154187150996684
UGL,H_parity,0.41514725911424366,0.325907508108591,-0.3031642739681941,0.05185097475802891,0.21225750874260324,-0.07465351617227611
UGL,incumbent x0.5,0.40633097039307,0.32035921370155346,-0.31222702436518557,0.053006072499971246,0.2292994217209232,-0.07993385272115183
UGL,incumbent x0.46,0.40633097039307015,0.330151596913533,-0.2908976177354424,0.05055303990336646,0.21225750874260324,-0.07417034500058295
