panel,signal,vehicle,estimator,gate,start,days,Sharpe,Martin,MaxDD,CAGR,RealVol,|vol-target|,TrackRMSE63,Turnover/yr,MeanW
P1 1x,SPY,SPY,E0 EWMA c2c,none,1999-01-27,6944,0.47223034985251444,0.788382579843605,-0.26880877642696865,0.06424026711536812,0.0990948053530065,0.0009051946469935124,0.015750041413673605,2.06143835122865,0.6871625396722528
P1 1x,SPY,SPY,E0 EWMA c2c,trend,1999-01-27,6944,0.5813057368017823,1.6260773192693323,-0.1117557941797066,0.06504310416709047,0.07867983471633798,0.021320165283662026,0.055171597312770985,2.284000120935373,0.5009515291234785
P1 1x,SPY,SPY,E1 Yang-Zhang 21,none,1999-01-27,6944,0.48598366397046766,0.7450389723098388,-0.29307173321593527,0.06664186434718511,0.10141304749933037,0.0014130474993303693,0.01632860252092738,1.9942361122404149,0.7058344226197063
P1 1x,SPY,SPY,E1 Yang-Zhang 21,trend,1999-01-27,6944,0.6210575628163617,1.6962421405987296,-0.10719437819269884,0.06908967919448883,0.0799127034133993,0.020087296586600703,0.05516613898369424,2.1659918818276815,0.5096323708115094
P1 1x,SPY,SPY,E2 Parkinson EWMA,none,1999-01-27,6944,0.5144493666752631,0.7692042933561244,-0.31189035905719287,0.07503864825822704,0.11359589949989579,0.013595899499895786,0.025124597868057368,1.3081429961750688,0.7735800545438902
P1 1x,SPY,SPY,E2 Parkinson EWMA,trend,1999-01-27,6944,0.6344323078457622,1.6414592457756911,-0.13920269788754547,0.0752691984832703,0.08844561597903013,0.01155438402096988,0.055865974096093236,1.8154376485072738,0.5556612371768824
P1 1x,SPY,SPY,E3 K-ATR fast,none,1999-01-27,6944,0.44886059187535426,0.5411057245488643,-0.3748628402598796,0.06674760472871011,0.11271289744490058,0.012712897444900575,0.021008306442065097,6.8791163130063815,0.7904752081859946
P1 1x,SPY,SPY,E3 K-ATR fast,trend,1999-01-27,6944,0.6157603254541092,1.5389661707160216,-0.1369176652880555,0.07257738939225167,0.08682092241203027,0.01317907758796974,0.05520092403266925,5.03668480396276,0.5585328962856845
P1 1x,SPY,SPY,E4 Yang-Zhang EWMA,none,1999-01-27,6944,0.45516680739081167,0.7245388788278571,-0.27441716931033533,0.062129183089869144,0.09827152935531223,0.0017284706446877712,0.01755642945035525,1.6107436955684142,0.6812923305058307
P1 1x,SPY,SPY,E4 Yang-Zhang EWMA,trend,1999-01-27,6944,0.5934997865928189,1.621691220369086,-0.10397591840481091,0.065567616301762,0.07777543605309276,0.02222456394690725,0.05562875160454337,1.9391944886737258,0.49527891907957733
P1 1x,QQQ,QQQ,E0 EWMA c2c,none,2005-03-16,5402,0.7735974201187149,1.8186737387557796,-0.1922551564256776,0.09519590784041032,0.10126553773086942,0.0012655377308694177,0.01476942568778601,2.2046303147192603,0.585846896835503
P1 1x,QQQ,QQQ,E0 EWMA c2c,trend,2005-03-16,5402,0.8164980749607219,2.4100135165052534,-0.10081139971791075,0.08703919291374729,0.08491209180979832,0.015087908190201685,0.04834888757101367,2.546946838851164,0.450339594769263
P1 1x,QQQ,QQQ,E1 Yang-Zhang 21,none,2005-03-16,5402,0.7920149871900306,1.814836416446086,-0.18420938038151513,0.10000424732349766,0.10492069341070799,0.004920693410707985,0.01585058082918631,2.1908794676814995,0.6104721502007482
P1 1x,QQQ,QQQ,E1 Yang-Zhang 21,trend,2005-03-16,5402,0.8620408674115367,2.589207265687488,-0.10773261416574054,0.09327123158602246,0.08729625313232224,0.012703746867677765,0.048231529634286945,2.5283912934891863,0.4645052864923801
P1 1x,QQQ,QQQ,E2 Parkinson EWMA,none,2005-03-16,5402,0.8075244476525809,1.7448685067858805,-0.22288644071120767,0.11353729210505814,0.12018227864329974,0.02018227864329973,0.028321419468186074,1.5426553817961595,0.6910408294559541
P1 1x,QQQ,QQQ,E2 Parkinson EWMA,trend,2005-03-16,5402,0.8509917333554683,2.394219058023087,-0.13189100040312784,0.1029922223832711,0.10026540038652851,0.0002654003865285026,0.05064333976973417,2.2015204043967227,0.5279866064512924
P1 1x,QQQ,QQQ,E3 K-ATR fast,none,2005-03-16,5402,0.7715441236342275,1.5537543546593868,-0.23074045124623166,0.10893599362821615,0.12045640424708838,0.020456404247088375,0.024116606484823628,9.137174530033393,0.723307071286119
P1 1x,QQQ,QQQ,E3 K-ATR fast,trend,2005-03-16,5402,0.8438952533029336,2.4011971975623125,-0.14510790382460204,0.10150022470780962,0.09939799389579788,0.0006020061042021213,0.04896219201910835,7.7165135153672075,0.5464162310418201
P1 1x,QQQ,QQQ,E4 Yang-Zhang EWMA,none,2005-03-16,5402,0.76541841709677,1.7236057300583574,-0.1830876953467282,0.09414415193073489,0.10106426888639393,0.0010642688863939237,0.016853963891640754,1.5704447359511966,0.584844392976134
P1 1x,QQQ,QQQ,E4 Yang-Zhang EWMA,trend,2005-03-16,5402,0.8380791160171325,2.504791557459903,-0.10683851621527729,0.08843444950044876,0.0841793514414639,0.0158206485585361,0.04895347875506702,2.049738301088145,0.4469175850212047
P1 1x,XLK,XLK,E0 EWMA c2c,none,2004-12-30,5454,0.7214954779541504,1.6352956649036816,-0.2095683853689264,0.0898758216229194,0.10180302678758771,0.0018030267875877026,0.014811737313824902,2.064416374606641,0.5874373092379263
P1 1x,XLK,XLK,E0 EWMA c2c,trend,2004-12-30,5454,0.654804412672857,1.747743480257057,-0.10402299929381953,0.07300410028533166,0.08607843796039123,0.013921562039608773,0.04544445176454532,2.39345252001482,0.4577675747791248
P1 1x,XLK,XLK,E1 Yang-Zhang 21,none,2004-12-30,5454,0.7567868608510829,1.7662409088953175,-0.1918693407756623,0.09497469094632693,0.1034501292739073,0.003450129273907296,0.01683821014704804,2.2014512354380615,0.594947158528793
P1 1x,XLK,XLK,E1 Yang-Zhang 21,trend,2004-12-30,5454,0.731633135112042,2.129574167438102,-0.10874093707990906,0.0807694182605252,0.08700886479935306,0.012991135200646944,0.045319800953277055,2.4646753108433077,0.46039041637498784
P1 1x,XLK,XLK,E2 Parkinson EWMA,none,2004-12-30,5454,0.7582099883856004,1.7020742431562403,-0.22260477070537765,0.10804447043506804,0.12161005339506843,0.021610053395068426,0.030299942761729145,1.589705049839817,0.6884135224554434
P1 1x,XLK,XLK,E2 Parkinson EWMA,trend,2004-12-30,5454,0.6973058503186639,1.8063842961969152,-0.14778619855403552,0.0873301979689407,0.10201116771596179,0.002011167715961784,0.0481771362691192,2.1858580263459624,0.5323246410604392
P1 1x,XLK,XLK,E3 K-ATR fast,none,2004-12-30,5454,0.7639111878531559,1.7059278818520214,-0.2058843681426431,0.108265959604122,0.12083735186795255,0.020837351867952547,0.024870903783587445,9.256868171712776,0.714610153950445
P1 1x,XLK,XLK,E3 K-ATR fast,trend,2004-12-30,5454,0.7025709874779508,1.8892612533357003,-0.1272859465065891,0.0874175210310455,0.10124611735156858,0.0012461173515685708,0.04508511709225238,7.9998159247527765,0.5519554041489916
P1 1x,XLK,XLK,E4 Yang-Zhang EWMA,none,2004-12-30,5454,0.7477493660600805,1.7822285170670806,-0.18384726268141438,0.09127373963424956,0.09965241236226552,0.00034758763773448664,0.017992511754687142,1.5663470418000656,0.5700404995051852
P1 1x,XLK,XLK,E4 Yang-Zhang EWMA,trend,2004-12-30,5454,0.7088170837881447,2.0690227571185194,-0.10695321483622267,0.07660263154641278,0.08398896746350937,0.016011032536490638,0.04639936797762481,2.0015493069096606,0.4421370482945274
P1 1x,IWM,IWM,E0 EWMA c2c,none,2006-06-06,5094,0.3361598727275915,0.6421507230114135,-0.1903453728578025,0.046701007244834836,0.1015698738030788,0.0015698738030787973,0.013220250429437608,1.9597443436369975,0.5234251823511866
P1 1x,IWM,IWM,E0 EWMA c2c,trend,2006-06-06,5094,0.31611048250985585,0.7307942953887535,-0.12598831450929138,0.03808898998035648,0.07427125370939233,0.025728746290607674,0.062081989463833934,2.001189594113632,0.3076319381603115
P1 1x,IWM,IWM,E1 Yang-Zhang 21,none,2006-06-06,5094,0.3351214492701178,0.6330040796191175,-0.1841563213969971,0.04699381614467146,0.10322869545014263,0.0032286954501426213,0.014178256734398093,1.934777689564653,0.5338952163435836
P1 1x,IWM,IWM,E1 Yang-Zhang 21,trend,2006-06-06,5094,0.30456781317709347,0.6899701364780613,-0.13321323141232633,0.03749328863254875,0.07550901966075683,0.02449098033924317,0.06209457495433203,1.9507018893033052,0.3123972414656412
P1 1x,IWM,IWM,E2 Parkinson EWMA,none,2006-06-06,5094,0.37724173551024726,0.6778761064403251,-0.21304976242615448,0.05577034444207363,0.11824658411351631,0.018246584113516304,0.02509996105342291,1.519109361250485,0.6059892919320284
P1 1x,IWM,IWM,E2 Parkinson EWMA,trend,2006-06-06,5094,0.3355383520739685,0.6819126383606733,-0.1541116268554531,0.04252459819054066,0.08530770483812848,0.014692295161871524,0.06276745476659068,1.7595303986183288,0.3520618704004317
P1 1x,IWM,IWM,E3 K-ATR fast,none,2006-06-06,5094,0.30077420523767845,0.5038179272753046,-0.26122582609607836,0.04650862930390187,0.1194992451046049,0.019499245104604893,0.021879385905856037,9.096104428529095,0.6389149973857812
P1 1x,IWM,IWM,E3 K-ATR fast,trend,2006-06-06,5094,0.23796953165931142,0.5165094160330478,-0.145237697627412,0.03413363994197427,0.08689310861125255,0.01310689138874746,0.06194029160773835,6.078218049176829,0.3713111801149485
P1 1x,IWM,IWM,E4 Yang-Zhang EWMA,none,2006-06-06,5094,0.36539993107136765,0.7044368925585855,-0.17307512689778115,0.0491701971601306,0.09925245204917736,0.000747547950822644,0.014963492528546759,1.4464438015268921,0.5125073803339003
P1 1x,IWM,IWM,E4 Yang-Zhang EWMA,trend,2006-06-06,5094,0.299892853173082,0.6954458415156666,-0.12940463021987925,0.036337117585731216,0.07213292246069421,0.0278670775393058,0.06262431714698517,1.6288470905376826,0.30008994463219374
P1 1x,EFA,EFA,E0 EWMA c2c,none,2007-08-28,4785,0.16720705915905804,0.2524082118724136,-0.2430669963765102,0.02657065078120402,0.10044861709157929,0.0004486170915792842,0.015530551704526807,2.0257380902803437,0.6337960496745274
P1 1x,EFA,EFA,E0 EWMA c2c,trend,2007-08-28,4785,0.2739583755312446,0.45054101176136324,-0.16748279198439964,0.033529381199044916,0.07891100934569957,0.021088990654300435,0.05770241164237135,1.7644893223118703,0.4301314658436206
P1 1x,EFA,EFA,E1 Yang-Zhang 21,none,2007-08-28,4785,0.1822446106225041,0.25567730288603324,-0.2628255526061529,0.028424970795726923,0.10412589820927963,0.004125898209279624,0.016241836638317138,2.2132715878102496,0.6575704557507044
P1 1x,EFA,EFA,E1 Yang-Zhang 21,trend,2007-08-28,4785,0.29528566765138453,0.5059081706133236,-0.15833400416797283,0.03575380535321493,0.08107572738811157,0.018924272611888435,0.057802351699694665,1.858367319846254,0.44348894721745474
P1 1x,EFA,EFA,E2 Parkinson EWMA,none,2007-08-28,4785,0.2377796893815312,0.29139919818361987,-0.3532397936671078,0.03892971142248003,0.142657459595656,0.042657459595656005,0.05177685029871525,1.1071972745488345,0.8497685868845487
P1 1x,EFA,EFA,E2 Parkinson EWMA,trend,2007-08-28,4785,0.28925800462361284,0.4771529849758474,-0.2155125314850187,0.040688636031464664,0.10805284544497298,0.008052845444972978,0.06535380936865429,1.3487164400629243,0.558828715692263
P1 1x,EFA,EFA,E3 K-ATR fast,none,2007-08-28,4785,0.21162391222607774,0.25234511204796106,-0.3313324643107378,0.03397713206195463,0.12858795531593253,0.02858795531593253,0.03422099190045632,8.222409358391145,0.8108147009801642
P1 1x,EFA,EFA,E3 K-ATR fast,trend,2007-08-28,4785,0.25084462583817935,0.35245796862584033,-0.2248597184770672,0.035156672132944156,0.09998693640321478,1.3063596785226061e-05,0.06107827784659018,5.5210836131407826,0.537290914355091
P1 1x,EFA,EFA,E4 Yang-Zhang EWMA,none,2007-08-28,4785,0.1727959490868393,0.25097101566671964,-0.25793887597291165,0.0271530741195547,0.10052390705789237,0.0005239070578923616,0.017348939720479406,1.68550840933244,0.6333151920312783
P1 1x,EFA,EFA,E4 Yang-Zhang EWMA,trend,2007-08-28,4785,0.25445457602902566,0.4272733067179176,-0.16408382386311238,0.03191757798966788,0.07878526347152412,0.021214736528475886,0.05804700948671427,1.560106294882469,0.43058831179572993
P1 1x,EEM,EEM,E0 EWMA c2c,none,2009-04-17,4373,0.19587753324500826,0.25501598109047685,-0.25872210844922594,0.0291622167987462,0.10169099617941914,0.0016909961794191325,0.01318379384705337,2.0254702553168156,0.5355350439573736
P1 1x,EEM,EEM,E0 EWMA c2c,trend,2009-04-17,4373,0.23379039882523447,0.28737227483532324,-0.18708180835538823,0.02931092103722599,0.07606968360005704,0.02393031639994296,0.058329185100141324,2.4281465388933805,0.31245383514256037
P1 1x,EEM,EEM,E1 Yang-Zhang 21,none,2009-04-17,4373,0.23634376961446826,0.28711449923945487,-0.2722444053030315,0.034269332411793085,0.10805042374643231,0.008050423746432306,0.01551122410388451,2.3732993726376046,0.5693063775302308
P1 1x,EEM,EEM,E1 Yang-Zhang 21,trend,2009-04-17,4373,0.28015504777804273,0.31694714674581753,-0.1967135848920889,0.034032520817986134,0.08128365717254075,0.01871634282745925,0.058281691534493085,2.6932986248565767,0.3332180982302878
P1 1x,EEM,EEM,E2 Parkinson EWMA,none,2009-04-17,4373,0.22001836994607474,0.22051689787781328,-0.38687367710424725,0.03684321817306446,0.1567643993673561,0.05676439936735608,0.06132247940755481,1.4440074248046848,0.8111861933282959
P1 1x,EEM,EEM,E2 Parkinson EWMA,trend,2009-04-17,4373,0.24708589446875542,0.24746747406126005,-0.2647343377290078,0.03612426745144681,0.11270485325974774,0.01270485325974774,0.06645578837021397,2.7331056942408463,0.4604201590951635
P1 1x,EEM,EEM,E3 K-ATR fast,none,2009-04-17,4373,0.1803770807434818,0.1601635517249016,-0.4133078034747344,0.029876597221170975,0.1398539658501558,0.0398539658501558,0.041576792090708775,11.255473931457816,0.7525396045022077
P1 1x,EEM,EEM,E3 K-ATR fast,trend,2009-04-17,4373,0.23969898005586304,0.23616846080731993,-0.23947922969461233,0.03398827227275025,0.103322162422441,0.0033221624224409885,0.06105149591646303,7.444569462347152,0.4365518525465129
P1 1x,EEM,EEM,E4 Yang-Zhang EWMA,none,2009-04-17,4373,0.23504082758125303,0.2936553965712663,-0.2683212540211356,0.03351241779731362,0.10347121539290972,0.0034712153929097184,0.015020484772056331,1.6818505215704587,0.5475938895725851
P1 1x,EEM,EEM,E4 Yang-Zhang EWMA,trend,2009-04-17,4373,0.29156945944018864,0.3443069471155202,-0.18205841789458244,0.03409777167252792,0.07720800811280283,0.022791991887197174,0.058745402694903595,2.1764867444557,0.3198262723397734
P1 1x,TLT,TLT,E0 EWMA c2c,none,2008-08-01,4551,0.18488517550794084,0.19627515502628617,-0.31151610212473757,0.02751262954247302,0.09952813791900418,0.0004718620809958246,0.010745015536489473,1.7188336726968607,0.7325415452203228
P1 1x,TLT,TLT,E0 EWMA c2c,trend,2008-08-01,4551,0.14174175575484327,0.22182308992792604,-0.16394941708205346,0.021188164075422566,0.06727818629098624,0.03272181370901377,0.06959017254469026,2.0424424993744528,0.31145707892545227
P1 1x,TLT,TLT,E1 Yang-Zhang 21,none,2008-08-01,4551,0.1484105713374493,0.15499752433580372,-0.34300199680189314,0.024047698383983684,0.10499848094034621,0.004998480940346203,0.013274215347395627,1.6049545641089005,0.7689475320516842
P1 1x,TLT,TLT,E1 Yang-Zhang 21,trend,2008-08-01,4551,0.1319637497813697,0.21103473350412888,-0.17627892466660156,0.020708391003946502,0.07025258377150166,0.029747416228498344,0.06934093289453784,2.030490209667569,0.32519714484516277
P1 1x,TLT,TLT,E2 Parkinson EWMA,none,2008-08-01,4551,0.15059828371105397,0.13117949189921932,-0.42556309895899935,0.025103717452904073,0.12871956374777194,0.02871956374777193,0.035756955975213466,0.6837611851224429,0.915123185616676
P1 1x,TLT,TLT,E2 Parkinson EWMA,trend,2008-08-01,4551,0.16250961782594286,0.2044291502245128,-0.21054737365849874,0.02429778695824325,0.08643662459067022,0.013563375409329781,0.07141768492807722,1.8831141313660213,0.390109552431507
P1 1x,TLT,TLT,E3 K-ATR fast,none,2008-08-01,4551,0.12622936011036112,0.11304881067961131,-0.42850508700065293,0.02188259049454544,0.12128663341692567,0.02128663341692566,0.026760972300178498,6.791193829625332,0.8797678094398269
P1 1x,TLT,TLT,E3 K-ATR fast,trend,2008-08-01,4551,0.11636698963869954,0.1707656201394583,-0.2134288336153466,0.020072516647855254,0.081966059954264,0.01803394004573601,0.07004581067215344,4.77411342367693,0.3784618079578137
P1 1x,TLT,TLT,E4 Yang-Zhang EWMA,none,2008-08-01,4551,0.16276149414852864,0.17128689933047775,-0.337452741255476,0.025472857788336967,0.10302325398453542,0.003023253984535415,0.013910004166648404,1.187841613937435,0.7549651205711833
P1 1x,TLT,TLT,E4 Yang-Zhang EWMA,trend,2008-08-01,4551,0.1531985148255915,0.231609549232876,-0.17227910324578766,0.022071145607043263,0.06837232752928976,0.031627672470710244,0.06969500814951432,1.8220261336298016,0.316304736754705
P1 1x,GLD,GLD,E0 EWMA c2c,none,2010-11-22,3969,0.4384049190270742,0.31771071397335704,-0.35147966204203984,0.05617674212470525,0.10123789203826875,0.0012378920382687397,0.012611348968517382,2.1619075284003153,0.6884676761590471
P1 1x,GLD,GLD,E0 EWMA c2c,trend,2010-11-22,3969,0.4450165418512573,0.45305108003311967,-0.21986933957346744,0.04704241738666637,0.07501039067871229,0.024989609321287715,0.05931484988908315,2.552577821195183,0.35977000421596933
P1 1x,GLD,GLD,E1 Yang-Zhang 21,none,2010-11-22,3969,0.4380429675849115,0.32144673459316797,-0.35278650663740674,0.058234911480203655,0.10720166590104607,0.007201665901046067,0.017920457562318096,1.9682388830722286,0.717651719367928
P1 1x,GLD,GLD,E1 Yang-Zhang 21,trend,2010-11-22,3969,0.4380356383013393,0.4075001444875743,-0.24017773208733706,0.048147012611539974,0.07939086063717837,0.020609139362821632,0.05926373852137165,2.6810767523036794,0.3783280637386515
P1 1x,GLD,GLD,E2 Parkinson EWMA,none,2010-11-22,3969,0.4871120324122099,0.38270925059817573,-0.41026365145233123,0.0762961347435216,0.13928254045925778,0.039282540459257775,0.046225244513931084,0.966395013818633,0.9077383928559569
P1 1x,GLD,GLD,E2 Parkinson EWMA,trend,2010-11-22,3969,0.4729758806516887,0.4081727955863218,-0.25870259894027103,0.06096888291546687,0.10402661617494985,0.004026616174949843,0.06578225995132747,2.511392929029722,0.4741874270286616
P1 1x,GLD,GLD,E3 K-ATR fast,none,2010-11-22,3969,0.36390203518372954,0.23304757547643196,-0.45331786855456424,0.056054819777641596,0.1312207047751259,0.031220704775125896,0.03656088546671528,8.780797962451917,0.8758333564409139
P1 1x,GLD,GLD,E3 K-ATR fast,trend,2010-11-22,3969,0.4071557464034544,0.34541252727580085,-0.2638846671045937,0.05135244565947805,0.09663670275030047,0.00336329724969954,0.062133472096397024,6.4574663322891555,0.4578785987396329
P1 1x,GLD,GLD,E4 Yang-Zhang EWMA,none,2010-11-22,3969,0.4646805935758989,0.3522290178242497,-0.34793491031159807,0.05990316640376414,0.10363757393138313,0.0036375739313831285,0.016609421885703576,1.3955569223687216,0.697406579178949
P1 1x,GLD,GLD,E4 Yang-Zhang EWMA,trend,2010-11-22,3969,0.4559290030319447,0.43219369709963035,-0.22238143946783628,0.04830367082464071,0.07603231198970047,0.02396768801029954,0.059325192152121044,2.3536111795575536,0.3632761663949873
P2 3x,SPY,UPRO,E0 EWMA c2c,none,2009-09-22,4264,0.7495356937460637,1.541584731478862,-0.3399493546316773,0.21065083050902933,0.2941345380437008,0.005865461956299167,0.05145588750276114,2.785813646183708,0.7290569158864312
P2 3x,SPY,UPRO,E0 EWMA c2c,trend,2009-09-22,4264,0.6994198106602632,1.2208385151388528,-0.32749878036316893,0.16904794709832838,0.2467507402643564,0.053249259735643595,0.14543242617944363,2.8967749481673324,0.5500647354912169
P2 3x,SPY,UPRO,E1 Yang-Zhang 21,none,2009-09-22,4264,0.7633924866786793,1.4178402117437219,-0.42343623677807407,0.22342831555636833,0.3082312876575391,0.00823128765753911,0.054914493443351274,2.5034248538603965,0.7614303909198928
P2 3x,SPY,UPRO,E1 Yang-Zhang 21,trend,2009-09-22,4264,0.7639864687418072,1.3349941121157456,-0.3347197502695314,0.19330767176338148,0.2558395038300596,0.04416049616994039,0.14470658378179332,2.6997936763761734,0.5692962075380781
P2 3x,SPY,UPRO,E2 Parkinson EWMA,none,2009-09-22,4264,0.7811584223989573,1.4246555338131959,-0.46253111830075944,0.25327286446538366,0.34983410061218967,0.04983410061218968,0.08713942324196759,1.656363350749849,0.8430154824820556
P2 3x,SPY,UPRO,E2 Parkinson EWMA,trend,2009-09-22,4264,0.7675263775903485,1.3314158207532527,-0.4007616469144166,0.21310060427711996,0.2874047499519259,0.012595250048074103,0.15062754624397087,2.2101413210753775,0.6272389426849218
P2 3x,SPY,UPRO,E3 K-ATR fast,none,2009-09-22,4264,0.8418043794212219,1.5690259522485708,-0.48816935739615763,0.2696545621723079,0.3330294843510766,0.03302948435107661,0.06369046049300335,6.368302706643489,0.8446680058897937
P2 3x,SPY,UPRO,E3 K-ATR fast,trend,2009-09-22,4264,0.8005410454975406,1.4020185867867068,-0.36989082550429386,0.21593279026166878,0.27345634666834545,0.026543653331654538,0.145530263142763,5.221395882067321,0.6236508002525212
P2 3x,SPY,UPRO,E4 Yang-Zhang EWMA,none,2009-09-22,4264,0.7290848483537239,1.3149698557849663,-0.4076064791953471,0.20472275153238195,0.296744203832621,0.003255796167378977,0.05884535699540287,2.1267445250462966,0.7299730630370174
P2 3x,SPY,UPRO,E4 Yang-Zhang EWMA,trend,2009-09-22,4264,0.7144056220462536,1.1559484499737351,-0.34737938885762465,0.1731910931007632,0.2464246690638329,0.05357533093616709,0.14691607189361738,2.460923983270886,0.5474066407003747
P2 3x,QQQ,TQQQ,E0 EWMA c2c,none,2010-05-11,4105,0.8927740281217723,1.9037301937728188,-0.424923604832672,0.27039190906548094,0.3033583986720509,0.0033583986720508996,0.047078207914670864,2.86751423708448,0.6014619163640736
P2 3x,QQQ,TQQQ,E0 EWMA c2c,trend,2010-05-11,4105,0.8766894769785432,1.8227495086967538,-0.2941315704117171,0.22921559233880195,0.2561515630855845,0.04384843691441548,0.14192587619816605,3.209133140684382,0.45393301657197493
P2 3x,QQQ,TQQQ,E1 Yang-Zhang 21,none,2010-05-11,4105,0.947688280287865,2.0213116265712956,-0.4723849075398908,0.3001178046432056,0.31354952157391236,0.013549521573912371,0.04844613304217645,2.8926958403865233,0.6242681325433617
P2 3x,QQQ,TQQQ,E1 Yang-Zhang 21,trend,2010-05-11,4105,0.9605831254591918,2.1309082527321768,-0.3102602495934498,0.2619420112617401,0.26299896090726793,0.03700103909273206,0.14150821130318375,3.1041727402807044,0.4678022336424153
P2 3x,QQQ,TQQQ,E2 Parkinson EWMA,none,2010-05-11,4105,0.9014234457566589,1.8080516248119913,-0.5176330612275865,0.3209919713706808,0.36822824358853506,0.06822824358853508,0.09216086979379663,2.2196403937727367,0.7223270728046267
P2 3x,QQQ,TQQQ,E2 Parkinson EWMA,trend,2010-05-11,4105,0.886767960796568,1.808895163156806,-0.3613811654323952,0.2705100874359503,0.30670519041874567,0.006705190418745677,0.15050075969372742,2.8416193807382455,0.5394409510626084
P2 3x,QQQ,TQQQ,E3 K-ATR fast,none,2010-05-11,4105,0.9477024238874938,1.8953576215035042,-0.5479384838857205,0.338498253914443,0.36140135504804655,0.06140135504804656,0.07347293803268289,8.911802577761966,0.7448294430604144
P2 3x,QQQ,TQQQ,E3 K-ATR fast,trend,2010-05-11,4105,0.9501492097928806,2.1569640132370522,-0.3414482897721338,0.290062700443136,0.30021984463889484,0.0002198446388948505,0.14481097150475222,7.4701991387850235,0.5529691358946599
P2 3x,QQQ,TQQQ,E4 Yang-Zhang EWMA,none,2010-05-11,4105,0.8905578247474435,1.7613839363955384,-0.46502753692712473,0.2677278858752259,0.3008832177787026,0.0008832177787025941,0.05199089664065399,2.3030238401080863,0.5934151948343693
P2 3x,QQQ,TQQQ,E4 Yang-Zhang EWMA,trend,2010-05-11,4105,0.9026046557529352,1.938779720615826,-0.2992822840398016,0.23486882616718519,0.25292445020546184,0.04707554979453815,0.1439032897108037,2.6564075542271666,0.4473527170099323
P2 3x,XLK,TECL,E0 EWMA c2c,none,2009-03-18,4394,0.9058976051777481,2.039238329546916,-0.36819868641846465,0.27317977853661946,0.30200251380126325,0.0020025138012632615,0.044864133981520914,2.9562692109842303,0.5715270932463725
P2 3x,XLK,TECL,E0 EWMA c2c,trend,2009-03-18,4394,0.7746513099916504,1.5863754806110775,-0.3233111941204031,0.19696326979467105,0.2571549959423097,0.04284500405769026,0.1330812639404378,3.126328570208358,0.43406576820702647
P2 3x,XLK,TECL,E1 Yang-Zhang 21,none,2009-03-18,4394,0.9462515348851184,2.0495444031144596,-0.4280361464483827,0.29877315354727196,0.3141928569116976,0.014192856911697638,0.04884418736407426,2.936593841516327,0.5976006626510324
P2 3x,XLK,TECL,E1 Yang-Zhang 21,trend,2009-03-18,4394,0.8454847038361147,1.8534076004702797,-0.2961688047895431,0.22522510602758317,0.26598198941285534,0.034018010587144654,0.13129130425466787,3.10048370498518,0.45299541766351875
P2 3x,XLK,TECL,E2 Parkinson EWMA,none,2009-03-18,4394,0.8918263630462524,1.814454028374748,-0.4764264772092133,0.3186511844526654,0.3735410153770052,0.07354101537700519,0.09626036780164332,2.3369235944184297,0.696755894823966
P2 3x,XLK,TECL,E2 Parkinson EWMA,trend,2009-03-18,4394,0.7471761675877259,1.3965123945518556,-0.39511324056289376,0.21958455178371672,0.31345716790993455,0.013457167909934564,0.14220986813469105,2.8787872187659396,0.5226001151898169
P2 3x,XLK,TECL,E3 K-ATR fast,none,2009-03-18,4394,0.9566480032651857,1.9365936346376003,-0.5136347659553078,0.3452072347765094,0.36600570257031007,0.06600570257031008,0.07795774462909995,9.147910270959903,0.7154308096780366
P2 3x,XLK,TECL,E3 K-ATR fast,trend,2009-03-18,4394,0.827403306974623,1.6861558305490025,-0.3821911170489313,0.24678212639677266,0.3072405287484938,0.007240528748493791,0.13207564675751823,7.826440047936798,0.5391955237901483
P2 3x,XLK,TECL,E4 Yang-Zhang EWMA,none,2009-03-18,4394,0.9006608743889545,1.899954526785356,-0.4055670642611259,0.2727072686202079,0.30404174130134115,0.004041741301341162,0.05187517038002965,2.4296191020058027,0.5732857078433345
P2 3x,XLK,TECL,E4 Yang-Zhang EWMA,trend,2009-03-18,4394,0.7678157324660982,1.536597321834124,-0.2965695560024496,0.19443416673182878,0.25645258066810966,0.043547419331890325,0.13464650897080935,2.6823511224037166,0.43332606876643165
P2 3x,IWM,TNA,E0 EWMA c2c,none,2009-02-04,4423,0.41725114094213694,0.42556652947374796,-0.5108752969456999,0.09855495020728244,0.30131380962042337,0.0013138096204233785,0.03649975413931136,2.898499081467274,0.538141098739556
P2 3x,IWM,TNA,E0 EWMA c2c,trend,2009-02-04,4423,0.4106305118352592,0.5052959621677356,-0.4191388772762977,0.08323828897962615,0.22031760090643848,0.0796823990935615,0.18699146588545967,2.2956545027435276,0.3109208253743899
P2 3x,IWM,TNA,E1 Yang-Zhang 21,none,2009-02-04,4423,0.41396417073055103,0.3909782669650317,-0.5446487935094653,0.0985155442809913,0.3106823562275152,0.010682356227515233,0.042841083181303086,2.8284330789899226,0.5536185125007462
P2 3x,IWM,TNA,E1 Yang-Zhang 21,trend,2009-02-04,4423,0.40781188689255127,0.516580701247027,-0.3735785706056368,0.08367897818899594,0.22603862177731535,0.07396137822268464,0.1874468285193795,2.2839014013993806,0.3177125669784779
P2 3x,IWM,TNA,E2 Parkinson EWMA,none,2009-02-04,4423,0.45732506606736706,0.4497262912437324,-0.6135586520949488,0.11985011429097692,0.35876966529851806,0.05876966529851807,0.07816487048446429,2.3902485250466,0.6326852673565738
P2 3x,IWM,TNA,E2 Parkinson EWMA,trend,2009-02-04,4423,0.42789489407990305,0.5074053558593786,-0.4709090162434568,0.09511488915531907,0.25846792180151895,0.04153207819848104,0.18942653873522247,2.09997935005615,0.3608053471757772
P2 3x,IWM,TNA,E3 K-ATR fast,none,2009-02-04,4423,0.4308793773386839,0.37322443303775316,-0.6352844279142791,0.10941265936685762,0.3586382183699875,0.058638218369987505,0.06583559198804201,9.222232898671338,0.6610735402415515
P2 3x,IWM,TNA,E3 K-ATR fast,trend,2009-02-04,4423,0.3658843234170843,0.37625633060585706,-0.40140943150972175,0.07780638619294478,0.2587466158074464,0.04125338419255359,0.18636986187169235,5.825120222459316,0.37619451597736164
P2 3x,IWM,TNA,E4 Yang-Zhang EWMA,none,2009-02-04,4423,0.4346212887540112,0.45019980901688084,-0.5154767460116048,0.10392898839064513,0.2988251930072578,0.0011748069927421945,0.043941474371585985,2.374604602106961,0.5311889005248583
P2 3x,IWM,TNA,E4 Yang-Zhang EWMA,trend,2009-02-04,4423,0.4183498200745489,0.5415387236341425,-0.37170275225908833,0.0841971242390529,0.21629996185333725,0.08370003814666274,0.18885495720993087,1.9501320531911235,0.3058839670921998
P2 3x,EEM,EDC,E0 EWMA c2c,none,2009-04-17,4373,0.18150001237944485,0.05947314712582404,-0.6632396896495673,0.0231932098497889,0.30263062491281884,0.0026306249128188464,0.03739812065092179,2.9265292453247915,0.5386182253917335
P2 3x,EEM,EDC,E0 EWMA c2c,trend,2009-04-17,4373,0.24977531797132457,0.14686585195358978,-0.47809294077366227,0.04583387825250118,0.22734726276726155,0.07265273723273843,0.1756565964857936,2.8233208445888263,0.31605205657933916
P2 3x,EEM,EDC,E1 Yang-Zhang 21,none,2009-04-17,4373,0.19096864241201253,0.0543743313076657,-0.7206124987273772,0.023176950109379257,0.3258119987416972,0.025811998741697206,0.04662459274954431,3.1847560112331967,0.5784240304272327
P2 3x,EEM,EDC,E1 Yang-Zhang 21,trend,2009-04-17,4373,0.25456170354930724,0.1386404727065263,-0.5307377510629964,0.047313027915454775,0.2464650024441096,0.05353499755589039,0.17445366170403137,3.0467297155086244,0.3424169579308388
P2 3x,EEM,EDC,E2 Parkinson EWMA,none,2009-04-17,4373,0.13421755613455397,-0.05274734281638146,-0.9042782285634187,-0.034991233950797285,0.4736758324463786,0.17367583244637863,0.18734728100119566,1.8920474161461165,0.82311090725599
P2 3x,EEM,EDC,E2 Parkinson EWMA,trend,2009-04-17,4373,0.20403656326198463,0.05499098060621913,-0.711594399556702,0.025096261226118743,0.3420940290080132,0.042094029008013234,0.20146141426183387,2.888488332799033,0.4688376493399602
P2 3x,EEM,EDC,E3 K-ATR fast,none,2009-04-17,4373,0.14619506937192658,-0.02182528505995364,-0.8520863361346138,-0.013123697256484101,0.4199725486395681,0.11997254863956813,0.12531556149230952,10.799036055889419,0.7613052521404652
P2 3x,EEM,EDC,E3 K-ATR fast,trend,2009-04-17,4373,0.2130517352671004,0.07200644605381863,-0.7091447605964356,0.0322007021974231,0.3101765161371625,0.010176516137162528,0.18329264230286607,7.201021018911268,0.4418274587559527
P2 3x,EEM,EDC,E4 Yang-Zhang EWMA,none,2009-04-17,4373,0.17922231066929276,0.0526252552879872,-0.6979425711169079,0.02123295014674409,0.31224542770204017,0.01224542770204018,0.04435505622686621,2.603467396887798,0.5557789476261042
P2 3x,EEM,EDC,E4 Yang-Zhang EWMA,trend,2009-04-17,4373,0.2470181041371542,0.14119538363764886,-0.4957176389435889,0.045305601774824344,0.2351823729436207,0.06481762705637928,0.17573464665247598,2.6330039715832667,0.3273667509962233
P2 3x,TLT,TMF,E0 EWMA c2c,none,2009-07-14,4313,0.08818247287653522,-0.008352899703037382,-0.8069421564159414,-0.003416732488647045,0.2952886259252761,0.004711374074723884,0.03289492655198525,2.1917313073006195,0.7442410981346217
P2 3x,TLT,TMF,E0 EWMA c2c,trend,2009-07-14,4313,0.11854474804879946,0.06727723759088537,-0.5571762009814092,0.01869152062375523,0.1923561142171663,0.10764388578283368,0.2146238128890465,2.0694806071616068,0.3020131872455687
P2 3x,TLT,TMF,E1 Yang-Zhang 21,none,2009-07-14,4313,0.08547984924651988,-0.018556693108299573,-0.8452761484381512,-0.008056800945447806,0.3129824710879086,0.01298247108790862,0.03949075969083411,2.115027753433634,0.7855467902909398
P2 3x,TLT,TMF,E1 Yang-Zhang 21,trend,2009-07-14,4313,0.13038302410560373,0.06873589714415262,-0.5679237280212864,0.02021688541528932,0.20390383975705437,0.09609616024294562,0.21416232058227727,2.175388930388918,0.3194620538497637
P2 3x,TLT,TMF,E2 Parkinson EWMA,none,2009-07-14,4313,0.06571214688389515,-0.06747636486446366,-0.8987851200240164,-0.03297873110502947,0.3812019449681248,0.08120194496812483,0.104704530392124,0.8664205715572142,0.9275199030251322
P2 3x,TLT,TMF,E2 Parkinson EWMA,trend,2009-07-14,4313,0.14077035185845274,0.05360808388890815,-0.616897061583321,0.018529865744708385,0.248179264000322,0.051820735999677986,0.2192924187934275,1.8399327127636622,0.37811063080232177
P2 3x,TLT,TMF,E3 K-ATR fast,none,2009-07-14,4313,0.06402884377978212,-0.056526032858473595,-0.8917552185750858,-0.027052510860907097,0.35918994020317113,0.05918994020317114,0.07680052019491822,6.263862925142444,0.8944428146128607
P2 3x,TLT,TMF,E3 K-ATR fast,trend,2009-07-14,4313,0.11384130879624697,0.04114887081600671,-0.6255046667265246,0.01344447064631682,0.23500232395223203,0.06499767604776796,0.2147607930329232,4.277139760373588,0.3680837801601351
P2 3x,TLT,TMF,E4 Yang-Zhang EWMA,none,2009-07-14,4313,0.12466597016863058,0.014074862820881677,-0.7928065632796307,0.00570740755797261,0.3048650514166066,0.004865051416606592,0.04195259233629417,1.7772681000132864,0.7650093755953155
P2 3x,TLT,TMF,E4 Yang-Zhang EWMA,trend,2009-07-14,4313,0.13129983221481853,0.07463614025917432,-0.5369214915290638,0.02083515121423951,0.19784901724376752,0.10215098275623247,0.21552168359999666,1.9359750434865381,0.30854708702550326
P2 3x,GLD,UGL,E0 EWMA c2c,none,2010-11-22,3969,0.40028466161505594,0.20601635977769236,-0.6957399608222696,0.09114021796434679,0.2726049525203669,0.02739504747963306,0.05978756328426625,1.427879544188455,0.8867870358277421
P2 3x,GLD,UGL,E0 EWMA c2c,trend,2010-11-22,3969,0.40394372396205536,0.25943681495109594,-0.5146235127712327,0.08026117976459335,0.20561296354671504,0.09438703645328494,0.18505213880890822,2.7285416430106526,0.46329040821119793
P2 3x,GLD,UGL,E1 Yang-Zhang 21,none,2010-11-22,3969,0.3735678300620266,0.17806138249797634,-0.7223792935369016,0.08438935824284455,0.2853881585800278,0.014611841419972182,0.06458248696272098,1.228682982369106,0.9154934045685532
P2 3x,GLD,UGL,E1 Yang-Zhang 21,trend,2010-11-22,3969,0.3776892440840396,0.22997433792695166,-0.5292478218113115,0.07583200197220763,0.2134698531889783,0.0865301468110217,0.1846936323813976,2.723953716705236,0.4779900950161585
P2 3x,GLD,UGL,E2 Parkinson EWMA,none,2010-11-22,3969,0.35585082791046274,0.15052055157071514,-0.7616692180905421,0.08084429502306856,0.31990799894533295,0.01990799894533296,0.08968662368839948,0.2878232792454413,0.9838158055741626
P2 3x,GLD,UGL,E2 Parkinson EWMA,trend,2010-11-22,3969,0.3443335191143523,0.17217100045512732,-0.599592043022832,0.07202433671918707,0.24492511699378727,0.055074883006212716,0.1901962940056026,2.241248342666265,0.5227321811797845
P2 3x,GLD,UGL,E3 K-ATR fast,none,2010-11-22,3969,0.3357941172358648,0.14337992041343217,-0.7543127815686229,0.07376092056245165,0.30706339449403924,0.007063394494039255,0.07662145044193908,2.7143969894235136,0.9697661807111289
P2 3x,GLD,UGL,E3 K-ATR fast,trend,2010-11-22,3969,0.34061442709899387,0.18974429686585348,-0.5683696097758312,0.06964269100398135,0.23137397497978307,0.06862602502021692,0.18603603716324268,3.85981048956578,0.5129214889821154
P2 3x,GLD,UGL,E4 Yang-Zhang EWMA,none,2010-11-22,3969,0.3944444574700804,0.19135996643287545,-0.7203467075570529,0.09037654842425158,0.28093606369709956,0.01906393630290043,0.06381309154189498,1.01367206774803,0.9051610711473254
P2 3x,GLD,UGL,E4 Yang-Zhang EWMA,trend,2010-11-22,3969,0.40447313073700575,0.2410057975277389,-0.5389779965482882,0.08106996389503873,0.20884417520162854,0.09115582479837145,0.18487687567863725,2.6152870643082977,0.46971442199992763
